wallet,from_address,to_address,hash,block,timestamp,tx_type,method_id,direction,asset,amount,token_amount,chain
0x7507c9ee7fc92d164cc1c02cdd2a3f0f4079722c,0xfd92f4e91d54b9ef91cc3f97c011a6af0c2a7eda,0x7507c9ee7fc92d164cc1c02cdd2a3f0f4079722c,0xbf31ecdde8821486604591d531c27b58594ed96b030b046af9c07f8c79814e97,0xa73511,1708705541,external,0x,in,ETH,0.1,0x16345785d8a0000,base
0x7507c9ee7fc92d164cc1c02cdd2a3f0f4079722c,0x404e927b203375779a6abd52a2049ce0adf6609b,0x7507c9ee7fc92d164cc1c02cdd2a3f0f4079722c,0x9bc813eeb6a94624c6fc0d43194a2a5ffa2ac60e402fd330b813ab30df33c597,0xa79c9a,1708758551,erc20,0x7ff36ab5,in,BRETT,27738341.760817572,0x16f1d28518e6572d7b2b4c,base
0xf392a92d8750d3f948033d04545ee85df289306a,0xfd92f4e91d54b9ef91cc3f97c011a6af0c2a7eda,0xf392a92d8750d3f948033d04545ee85df289306a,0x57f90fad0c31c1d06af8f6270bb5bca53266c5fb307e6f623ff8534094432814,0xa72373,1708696521,external,0x,in,ETH,0.05,0xb1a2bc2ec50000,base
0xf392a92d8750d3f948033d04545ee85df289306a,0x404e927b203375779a6abd52a2049ce0adf6609b,0xf392a92d8750d3f948033d04545ee85df289306a,0x36c7aba8778d28e3d19964fba436a89fd0aad1601e105a6156d7a040c1c4612e,0xa79bd6,1708758159,erc20,0xfb3bdb41,in,BRETT,72407898.0,0x3be4f8040dca9b65280000,base
0xf392a92d8750d3f948033d04545ee85df289306a,0x404e927b203375779a6abd52a2049ce0adf6609b,0xf392a92d8750d3f948033d04545ee85df289306a,0xce623bedffdffc95cea775b37cfd70768bda0c27355b0922e85fb36b27b043da,0xa79bdb,1708758169,erc20,0xfb3bdb41,in,BRETT,77557938.0,0x4027883e60294223880000,base
0xf392a92d8750d3f948033d04545ee85df289306a,0xf392a92d8750d3f948033d04545ee85df289306a,0x404e927b203375779a6abd52a2049ce0adf6609b,0x525b9712def72ee38821e9a9687a0282d2d39257800696594a80cbbc1b60cd8b,0xa79ede,1708759711,erc20,0x791ac947,out,BRETT,149965836.0,0x7c0c80426df3dd88b00000,base
0xf392a92d8750d3f948033d04545ee85df289306a,0xf392a92d8750d3f948033d04545ee85df289306a,0x2f66ace812532a9508520ebec6afd08c32338022,0xb50629b9ea8b98079f7f52b5e98351b967ca50573f08eca17a2838b80b903c71,0xa79f1f,1708759841,external,0x,out,ETH,2.0499,0x1c72b5306d12c000,base
0x329b3967cc086d9a7e47299b16ba1d2c045ad9a3,0xfd92f4e91d54b9ef91cc3f97c011a6af0c2a7eda,0x329b3967cc086d9a7e47299b16ba1d2c045ad9a3,0x8c4a88df0ea8a0c80710e25cb972854b0bf8b5985fb034e12811fb84458d008c,0xa7340e,1708705023,external,0x,in,ETH,0.05,0xb1a2bc2ec50000,base
0x329b3967cc086d9a7e47299b16ba1d2c045ad9a3,0x404e927b203375779a6abd52a2049ce0adf6609b,0x329b3967cc086d9a7e47299b16ba1d2c045ad9a3,0x5229e8cc19606596eb666969a582fe3ee32406fa7858e8072a31e1001d1e02a9,0xa79c5c,1708758427,erc20,0xfb3bdb41,in,BRETT,100000000.0,0x52b7d2dcc80cd2e4000000,base
0x329b3967cc086d9a7e47299b16ba1d2c045ad9a3,0x329b3967cc086d9a7e47299b16ba1d2c045ad9a3,0x404e927b203375779a6abd52a2049ce0adf6609b,0xfca51eb6e587f7ab99308cc4ca942bca560241e34b0173da8f70c7ff822e456c,0xa79c91,1708758533,erc20,0x791ac947,out,BRETT,100000000.0,0x52b7d2dcc80cd2e4000000,base
0x329b3967cc086d9a7e47299b16ba1d2c045ad9a3,0x2f66ace812532a9508520ebec6afd08c32338022,0x329b3967cc086d9a7e47299b16ba1d2c045ad9a3,0xe556c6b812fc982a481782789ac190096ca80727037be18ce71394513989faeb,0xa7a00c,1708760315,external,0x,in,ETH,2.0,0x1bc16d674ec80000,base
0x329b3967cc086d9a7e47299b16ba1d2c045ad9a3,0x404e927b203375779a6abd52a2049ce0adf6609b,0x329b3967cc086d9a7e47299b16ba1d2c045ad9a3,0xfac88b0818734b10b69980a4f939d159db4afd48434a2eb9c0780cf92f605e8a,0xa7a020,1708760355,erc20,0x7ff36ab5,in,BRETT,82074090.61026767,0x43e3dd5e0235af8f8ef0d8,base
0x342e42b53f205f470f7dbcf3ed1278e893c1b273,0xfd92f4e91d54b9ef91cc3f97c011a6af0c2a7eda,0x342e42b53f205f470f7dbcf3ed1278e893c1b273,0x9831a0d9560b9ebea02c2bbb60de4ed6a40160809900fdf1e24f98e33398a996,0xa73495,1708705293,external,0x,in,ETH,0.05,0xb1a2bc2ec50000,base
0x342e42b53f205f470f7dbcf3ed1278e893c1b273,0x404e927b203375779a6abd52a2049ce0adf6609b,0x342e42b53f205f470f7dbcf3ed1278e893c1b273,0xe70ba821efca3080a3675467f7e1f0ae2acd2e10841b89324b061da6cc4c159a,0xa79c87,1708758513,erc20,0xfb3bdb41,in,BRETT,71134871.0,0x3ad765157968b8b3fc0000,base
0x2f66ace812532a9508520ebec6afd08c32338022,0xfd92f4e91d54b9ef91cc3f97c011a6af0c2a7eda,0x2f66ace812532a9508520ebec6afd08c32338022,0xd7516c2276875cefa63713e21605cbeec48667d4dda81cd004ffb287d7f5cd3d,0xa72358,1708696467,external,0x,in,ETH,0.05,0xb1a2bc2ec50000,base
0x2f66ace812532a9508520ebec6afd08c32338022,0x404e927b203375779a6abd52a2049ce0adf6609b,0x2f66ace812532a9508520ebec6afd08c32338022,0x1cb50e24416b75c4926d9bc312e0c4a5b206e9a63ba1c9d1d101e185330f5f14,0xa79bd0,1708758147,erc20,0xfb3bdb41,in,BRETT,71739099.0,0x3b575859721f930a8c0000,base
0x2f66ace812532a9508520ebec6afd08c32338022,0x404e927b203375779a6abd52a2049ce0adf6609b,0x2f66ace812532a9508520ebec6afd08c32338022,0x056bd8da5d955405e1924efafa2e0fe5776a6c2b719f9713841c1a757ece6ca3,0xa79bd5,1708758157,erc20,0xfb3bdb41,in,BRETT,74600073.0,0x3db52e0f8a9dad0c840000,base
0x2f66ace812532a9508520ebec6afd08c32338022,0xf392a92d8750d3f948033d04545ee85df289306a,0x2f66ace812532a9508520ebec6afd08c32338022,0xb50629b9ea8b98079f7f52b5e98351b967ca50573f08eca17a2838b80b903c71,0xa79f1f,1708759841,external,0x,in,ETH,2.0499,0x1c72b5306d12c000,base
0x2f66ace812532a9508520ebec6afd08c32338022,0x2f66ace812532a9508520ebec6afd08c32338022,0x329b3967cc086d9a7e47299b16ba1d2c045ad9a3,0xe556c6b812fc982a481782789ac190096ca80727037be18ce71394513989faeb,0xa7a00c,1708760315,external,0x,out,ETH,2.0,0x1bc16d674ec80000,base
0x2f66ace812532a9508520ebec6afd08c32338022,0x2f66ace812532a9508520ebec6afd08c32338022,0xbd83ed0980556c2781eb6b70855c52c71ab216ac,0x995e35ad7034affc609baa9a4ee9f686136b3d45c95f464e55afb3067aab7497,0xa7f008,1708801267,erc20,0xa9059cbb,out,BRETT,50000000.0,0x295be96e64066972000000,base
0x2f66ace812532a9508520ebec6afd08c32338022,0x2f66ace812532a9508520ebec6afd08c32338022,0x905e254dcd1e03317bf5388793c7cb178aca9f75,0x400d3379affe6b09c25db356c4607998f10f8b056f1853c3cfcd4e79f489acfb,0xa7f28d,1708802557,erc20,0xa9059cbb,out,BRETT,20000000.0,0x108b2a2c28029094000000,base
0xbaf15ede72121a032eb38137b797c5e0fa27d0d1,0xfd92f4e91d54b9ef91cc3f97c011a6af0c2a7eda,0xbaf15ede72121a032eb38137b797c5e0fa27d0d1,0x429be0d56d020d1b011fa1ccb20d14e96245ae3f195da271cb0a5914c27d132b,0xa73543,1708705641,external,0x,in,ETH,0.1,0x16345785d8a0000,base
0xbaf15ede72121a032eb38137b797c5e0fa27d0d1,0x404e927b203375779a6abd52a2049ce0adf6609b,0xbaf15ede72121a032eb38137b797c5e0fa27d0d1,0xb8c8e8624e5af568e4a56fb503fba82d0b945f08a3543fbbadb8402e3a0f2720,0xa79c6d,1708758461,erc20,0xfb3bdb41,in,BRETT,100000000.0,0x52b7d2dcc80cd2e4000000,base
0xa210d9f34feed8191326245592fddc9e0595ea1f,0xe4edb277e41dc89ab076a1f049f4a3efa700bce8,0xa210d9f34feed8191326245592fddc9e0595ea1f,0xfafb191c62c8e966640a406d468e4e8bb1ae50cb838611e9ab2ce7c7417d6c67,0xa79fee,1708760255,external,0x,in,ETH,0.10000000000000002,0x16345785d8a000d,base
0xa210d9f34feed8191326245592fddc9e0595ea1f,0x04a9d53236ac03a95ba93dff306b12011967a846,0xa210d9f34feed8191326245592fddc9e0595ea1f,0xdcc727044fe4c8ca78d35c542eb145b4ad3e74f1d51f0ca839dcfed8f198b302,0xa7b77b,1708772313,erc20,0xa9059cbb,in,BRETT,10000000.0,0x84595161401484a000000,base
0x2736a134c88aebd921908f0f534600d05f57b1a4,0xfd92f4e91d54b9ef91cc3f97c011a6af0c2a7eda,0x2736a134c88aebd921908f0f534600d05f57b1a4,0xfaf7813e028a11b444be6b56c29f7899323be26d028610d76a675a885b7dc840,0x9dc66e,1707469247,external,0x,in,ETH,0.005,0x11c37937e08000,base
0x2736a134c88aebd921908f0f534600d05f57b1a4,0x2736a134c88aebd921908f0f534600d05f57b1a4,0x2852b70d3b682d1d28eb45179ef62b840c9b07d4,0xcf5b2fcda5f74534e8a200d139ab5c7f69a47049c98ffe917f97902b6c744f73,0x9dc6fb,1707469529,external,0x,out,ETH,0.001,0x38d7ea4c68000,base
0x2736a134c88aebd921908f0f534600d05f57b1a4,0x2736a134c88aebd921908f0f534600d05f57b1a4,0x78f4711c17ab3028bacd23ce005d50e2fa09f340,0xcacd196a8d207947953a59d0cebdef3becd0bd22b1babcdcef9289c7f008a49a,0xa16890,1707945475,external,0x,out,ETH,0.04815084638251317,0xab10f08e439c11,base
0x2736a134c88aebd921908f0f534600d05f57b1a4,0x2736a134c88aebd921908f0f534600d05f57b1a4,0x78f4711c17ab3028bacd23ce005d50e2fa09f340,0x7827f5a4c2361e7ad99ee8f8a72c78adb5de46904e375801f4290067fc9a6500,0xa16b83,1707946985,external,0x,out,ETH,1.0055404370255805,0xdf465b32c336577,base
0x4675d01fa3b1f483f04c364b6f9e2c2696ec6c6f,0xfd92f4e91d54b9ef91cc3f97c011a6af0c2a7eda,0x4675d01fa3b1f483f04c364b6f9e2c2696ec6c6f,0x21d43c62352c808b6159109ee872b93f9e7e90a97af8bd6ff3fcf4e98cc52261,0xa7438d,1708712957,external,0x,in,ETH,0.2,0x2c68af0bb140000,base
0x4675d01fa3b1f483f04c364b6f9e2c2696ec6c6f,0x404e927b203375779a6abd52a2049ce0adf6609b,0x4675d01fa3b1f483f04c364b6f9e2c2696ec6c6f,0x6ff5c7b251bd59ffd744257bc6e2c1a398a8eac9a2b856cbc63a4d45c07a47c5,0xa79d00,1708758755,erc20,0xfb3bdb41,in,BRETT,82417078.0,0x442c7ec0395e2a35180000,base
0x4675d01fa3b1f483f04c364b6f9e2c2696ec6c6f,0x404e927b203375779a6abd52a2049ce0adf6609b,0x4675d01fa3b1f483f04c364b6f9e2c2696ec6c6f,0x4854988c95ec7acdf33ff3b677870e4d3316d6ed82196af2f11683e76ca15cb2,0xa79e75,1708759501,erc20,0x7ff36ab5,in,BRETT,7514477.054622817,0x637409e0cfdb0d07f316a,base
0x4675d01fa3b1f483f04c364b6f9e2c2696ec6c6f,0x404e927b203375779a6abd52a2049ce0adf6609b,0x4675d01fa3b1f483f04c364b6f9e2c2696ec6c6f,0xb2d71996607bf03ba213a19bd639d4eeaa9b93d28af1f75d819fe1f2087129a0,0xa7a03e,1708760415,erc20,0x7ff36ab5,in,BRETT,2518786.7406266057,0x2155fb3eb67ccff6ff3f4,base
0x1f41f702ff5e6b397ef2bf4eccec790bc48d6e18,0xfd92f4e91d54b9ef91cc3f97c011a6af0c2a7eda,0x1f41f702ff5e6b397ef2bf4eccec790bc48d6e18,0xe253540c07acfa019bcb94066a6c54d407be09e281b629416cd254065b9cd92d,0xa73c99,1708709397,external,0x,in,ETH,0.15,0x214e8348c4f0000,base
0x1f41f702ff5e6b397ef2bf4eccec790bc48d6e18,0x404e927b203375779a6abd52a2049ce0adf6609b,0x1f41f702ff5e6b397ef2bf4eccec790bc48d6e18,0x6f0ab5ebab9a4a9edcfe9d38bd1b45f44c860f167c3117183cb6bd88a2ed0316,0xa79ca0,1708758563,erc20,0xfb3bdb41,in,BRETT,73739476.0,0x3cfef100fcc7ffced00000,base
0x1f41f702ff5e6b397ef2bf4eccec790bc48d6e18,0x404e927b203375779a6abd52a2049ce0adf6609b,0x1f41f702ff5e6b397ef2bf4eccec790bc48d6e18,0x6fa7572fdcd294550afb06061e10c5ed4d0ce35060716e93293ec501936c9c3d,0xa79e33,1708759369,erc20,0x7ff36ab5,in,BRETT,9377285.531760423,0x7c1b7aad2b40a1fcec3c3,base
0x1f41f702ff5e6b397ef2bf4eccec790bc48d6e18,0x404e927b203375779a6abd52a2049ce0adf6609b,0x1f41f702ff5e6b397ef2bf4eccec790bc48d6e18,0x7338d944b8045d638ef8e1fba0a7943aaf506a04ab3eb1bc11dc06f3214485f9,0xa7a075,1708760525,erc20,0x7ff36ab5,in,BRETT,1902853.8974441183,0x192f1ea9e356480801917,base
0xeade1f5bf8a327ec8ad39981a324c8999a268bae,0xfd92f4e91d54b9ef91cc3f97c011a6af0c2a7eda,0xeade1f5bf8a327ec8ad39981a324c8999a268bae,0x295d0c1767d065f5c33e11e19dcf8f3cb5fc8fc2c6d7618d8e631ad8d95ad56a,0xa7445f,1708713377,external,0x,in,ETH,0.2,0x2c68af0bb140000,base
0xeade1f5bf8a327ec8ad39981a324c8999a268bae,0x404e927b203375779a6abd52a2049ce0adf6609b,0xeade1f5bf8a327ec8ad39981a324c8999a268bae,0x2c2351533c0d72d639e5a7ac33f8dc772751b3fadba08831941a62944cb1492b,0xa79d32,1708758855,erc20,0x7ff36ab5,in,BRETT,29079699.338089626,0x180ddda8edd63e64bb8d5e,base
0xeade1f5bf8a327ec8ad39981a324c8999a268bae,0xeade1f5bf8a327ec8ad39981a324c8999a268bae,0x404e927b203375779a6abd52a2049ce0adf6609b,0x5d5941491a918209401cf12227393ecb04274a11609db029ea5bda7b359d1be7,0xa79d47,1708758897,erc20,0x791ac947,out,BRETT,29079699.338089626,0x180ddda8edd63e64bb8d5e,base
0xeade1f5bf8a327ec8ad39981a324c8999a268bae,0x404e927b203375779a6abd52a2049ce0adf6609b,0xeade1f5bf8a327ec8ad39981a324c8999a268bae,0x56382ec556e82e81be90563d6e74087862853f34e37898005114b3d9f313c3b4,0xa79e9d,1708759581,erc20,0x7ff36ab5,in,BRETT,9089455.716395352,0x784c461b87d3aa4678a57,base
0xeade1f5bf8a327ec8ad39981a324c8999a268bae,0x404e927b203375779a6abd52a2049ce0adf6609b,0xeade1f5bf8a327ec8ad39981a324c8999a268bae,0x9ca082888495352383a886e3f88fa39541180357ee92c02fb7f0cf0f7b1f8fc8,0xa7a066,1708760495,erc20,0x7ff36ab5,in,BRETT,2983411.2835034183,0x277c30cbc63ee358b7488,base
0x3d800647fe576d82d6a0f32df78eec09cbac85ce,0xfd92f4e91d54b9ef91cc3f97c011a6af0c2a7eda,0x3d800647fe576d82d6a0f32df78eec09cbac85ce,0x228381f402075faeede5b0b4de6b91823dd3b88d3258326a03dfaa9ccdecec4c,0xa724fc,1708697307,external,0x,in,ETH,0.05,0xb1a2bc2ec50000,base
0x3d800647fe576d82d6a0f32df78eec09cbac85ce,0x404e927b203375779a6abd52a2049ce0adf6609b,0x3d800647fe576d82d6a0f32df78eec09cbac85ce,0x72dbd4cbf444ab98222216772b06199110a10852abb0fd75a6ec6472ed2bdf8b,0xa79c62,1708758439,erc20,0xfb3bdb41,in,BRETT,100000000.0,0x52b7d2dcc80cd2e4000000,base
0x3d800647fe576d82d6a0f32df78eec09cbac85ce,0x3d800647fe576d82d6a0f32df78eec09cbac85ce,0x404e927b203375779a6abd52a2049ce0adf6609b,0x9830008c993a19203850462247aa097a411caf18859a57e97b8f4eab32427d21,0xa79c7a,1708758487,erc20,0x791ac947,out,BRETT,100000000.0,0x52b7d2dcc80cd2e4000000,base
0x3d800647fe576d82d6a0f32df78eec09cbac85ce,0x404e927b203375779a6abd52a2049ce0adf6609b,0x3d800647fe576d82d6a0f32df78eec09cbac85ce,0x35f013164d48ae45c51165e71a916c1d45417d58f5b00fe4a18f163f3cb34bca,0xa79d68,1708758963,erc20,0x7ff36ab5,in,BRETT,28218141.73128863,0x17576c87471492ba5ef1cf,base
0xf86263404da9c47a68a076041355b988edbb959a,0xfd92f4e91d54b9ef91cc3f97c011a6af0c2a7eda,0xf86263404da9c47a68a076041355b988edbb959a,0x273b474cf8698f4cdbc0e305f02a0df6a6b445dfd5f11dc0ac5c24233e75dbe7,0xa72547,1708697457,external,0x,in,ETH,0.05,0xb1a2bc2ec50000,base
0xf86263404da9c47a68a076041355b988edbb959a,0x404e927b203375779a6abd52a2049ce0adf6609b,0xf86263404da9c47a68a076041355b988edbb959a,0x347fe4e887686fb507ae1c51cef4a818a66953debd7235871c409b2c305c7cf7,0xa79c67,1708758449,erc20,0xfb3bdb41,in,BRETT,74691768.0,0x3dc898db4b64be9fe00000,base
0xf86263404da9c47a68a076041355b988edbb959a,0x404e927b203375779a6abd52a2049ce0adf6609b,0xf86263404da9c47a68a076041355b988edbb959a,0x15184d7523855a1f17f1ce3e20486cbb48d949fb21c7d87a6921df3bde1cc89c,0xa79d8c,1708759035,erc20,0x7ff36ab5,in,BRETT,19447718.212592095,0x101636eab355648961124b,base
0x8c6309ccd5a0c57588ac0a6a31cfe6fcbc6fa009,0xfd92f4e91d54b9ef91cc3f97c011a6af0c2a7eda,0x8c6309ccd5a0c57588ac0a6a31cfe6fcbc6fa009,0x96886e59bce34973d592ff24ee0cbea8a29fb6ff68d7048ece1aceb92f5cd4fd,0xa7454f,1708713857,external,0x,in,ETH,0.4,0x58d15e176280000,base
0x8c6309ccd5a0c57588ac0a6a31cfe6fcbc6fa009,0x404e927b203375779a6abd52a2049ce0adf6609b,0x8c6309ccd5a0c57588ac0a6a31cfe6fcbc6fa009,0xa45939dc24a6d2f3454b3eea5ca5a5452e5d5840061b7a1fd1726368d9f8c3f8,0xa79ce2,1708758695,erc20,0xfb3bdb41,in,BRETT,87607947.0,0x4877b452be8780cb4c0000,base
0x8c6309ccd5a0c57588ac0a6a31cfe6fcbc6fa009,0x404e927b203375779a6abd52a2049ce0adf6609b,0x8c6309ccd5a0c57588ac0a6a31cfe6fcbc6fa009,0x51047418a3aa4dc2ca7a9331f9a6e07672e428190d664dfdb632ed0d0f80ef03,0xa79eaf,1708759617,erc20,0x7ff36ab5,in,BRETT,11763933.832835387,0x9bb1c21846b14d6ec64ca,base
0x8c6309ccd5a0c57588ac0a6a31cfe6fcbc6fa009,0x404e927b203375779a6abd52a2049ce0adf6609b,0x8c6309ccd5a0c57588ac0a6a31cfe6fcbc6fa009,0x5d381ca457bb817091b01c76a2d130f8c17a4d81156c7492d94ddb37dec6f1a8,0xa79fe5,1708760237,erc20,0x7ff36ab5,in,BRETT,11818042.654953193,0x9c6916044e66662588d92,base
0xe785155241757923ace3e4b84a80a1a71e0a1d44,0xb331aa229758e0686b501689c36a37f32b174d1a,0xe785155241757923ace3e4b84a80a1a71e0a1d44,0xe4e8ea13dcf2903a2678de9dfc0f1daa29104ae7d5ad0218c565bf0068b6e385,0x9ec9f3,1707602121,external,0x,in,ETH,1.0,0xde0b6b3a7640000,base
0xe785155241757923ace3e4b84a80a1a71e0a1d44,0xe785155241757923ace3e4b84a80a1a71e0a1d44,0x523c83e24a137aa8d943ac7660556f9138182aae,0xbe4dd64a22ded7faf46f8333d75d2e0cece853d8d9c867a6e2d97c99e13621d2,0x9ecae5,1707602605,external,0x09c182c3,out,ETH,0.1,0x16345785d8a0000,base
0xe785155241757923ace3e4b84a80a1a71e0a1d44,0xe785155241757923ace3e4b84a80a1a71e0a1d44,0x523c83e24a137aa8d943ac7660556f9138182aae,0xee2deb9cedaff5089681086be973570e195e5e3b7cf68e734b283e17ef7cfe89,0x9ecb74,1707602891,external,0x09c182c3,out,ETH,0.1,0x16345785d8a0000,base
0xe785155241757923ace3e4b84a80a1a71e0a1d44,0xe785155241757923ace3e4b84a80a1a71e0a1d44,0x523c83e24a137aa8d943ac7660556f9138182aae,0xf213362cb8d76c8aaa586221a65246f969810cfbd2d3f2e5cf8b8cea1aeacdc0,0x9ecd23,1707603753,external,0x09c182c3,out,ETH,0.1,0x16345785d8a0000,base
0xe785155241757923ace3e4b84a80a1a71e0a1d44,0xe785155241757923ace3e4b84a80a1a71e0a1d44,0x98a760118ba0065e68d02c7cbde55a2572034992,0x803fff3bd1a6fb5cae23ec8f5bb06e7f905fa31cb399d654ba6f87e94cc21b01,0x9f6c2e,1707685183,external,0x,out,ETH,0.3,0x429d069189e0000,base
0xe785155241757923ace3e4b84a80a1a71e0a1d44,0xe785155241757923ace3e4b84a80a1a71e0a1d44,0x523c83e24a137aa8d943ac7660556f9138182aae,0xad13fc3de26a53345402ff5cf807f86bf78bf2b84d898cba9b4d27894187e7e7,0x9f6e11,1707686149,external,0x09c182c3,out,ETH,0.2,0x2c68af0bb140000,base
0xe785155241757923ace3e4b84a80a1a71e0a1d44,0xb331aa229758e0686b501689c36a37f32b174d1a,0xe785155241757923ace3e4b84a80a1a71e0a1d44,0x26b7bba322e8221a5eccedb384fd809ec385a950b68c5a5ddca96a0c564e6e4f,0xa06aad,1707815485,external,0x,in,ETH,2.4,0x214e8348c4f00000,base
0xe785155241757923ace3e4b84a80a1a71e0a1d44,0xcdd37ada79f589c15bd4f8fd2083dc88e34a2af2,0xe785155241757923ace3e4b84a80a1a71e0a1d44,0xae3cff7d055bef8a377a786396d89f7b620df19e71296033beab74f5443b3868,0xa06ea7,1707817521,external,0x,in,ETH,9.80942207,0x882211666e3a1c00,base
0xe785155241757923ace3e4b84a80a1a71e0a1d44,0x404e927b203375779a6abd52a2049ce0adf6609b,0xe785155241757923ace3e4b84a80a1a71e0a1d44,0xe923a6cff2c2c4c5877fb02fcb7e4d8905900864f32badc9ebbbd3daf8bbc86e,0xa7a100,1708760803,erc20,0x09c182c3,in,BRETT,12535330.16715146,0xa5e759c291e9b8ac0ec01,base
0x42a5ef45a045ab091e4e575e96ed28e439ae02d8,0xfd92f4e91d54b9ef91cc3f97c011a6af0c2a7eda,0x42a5ef45a045ab091e4e575e96ed28e439ae02d8,0x2cf21f7a8707bec0dcbf9226f2bc3c05bb07a6fae8fa6b862b38193306d1403f,0xa72538,1708697427,external,0x,in,ETH,0.05,0xb1a2bc2ec50000,base
0x42a5ef45a045ab091e4e575e96ed28e439ae02d8,0x404e927b203375779a6abd52a2049ce0adf6609b,0x42a5ef45a045ab091e4e575e96ed28e439ae02d8,0x0306c4836c8bd13826c9148f1750da518bd11ca43843c42a9e0c4d27446e93fb,0xa79c4f,1708758401,erc20,0xfb3bdb41,in,BRETT,50000000.0,0x295be96e64066972000000,base
0x42a5ef45a045ab091e4e575e96ed28e439ae02d8,0x404e927b203375779a6abd52a2049ce0adf6609b,0x42a5ef45a045ab091e4e575e96ed28e439ae02d8,0xeacf9ad572a1b05aaac21b92a64c56255d0068a8ebaf2045461e1db740da1ef4,0xa79d83,1708759017,erc20,0x7ff36ab5,in,BRETT,21903016.30825349,0x121e24e4ad529773514bcd,base
0x8dd6f3a1ff485f5f5f35aa6add1504a12fb9c02b,0xfd92f4e91d54b9ef91cc3f97c011a6af0c2a7eda,0x8dd6f3a1ff485f5f5f35aa6add1504a12fb9c02b,0x330b2fcb077c9ef5e4544b34f541016bfaab883c9b2cdccefccf3d7c1897d35f,0xa743e2,1708713127,external,0x,in,ETH,0.2,0x2c68af0bb140000,base
0x8dd6f3a1ff485f5f5f35aa6add1504a12fb9c02b,0x404e927b203375779a6abd52a2049ce0adf6609b,0x8dd6f3a1ff485f5f5f35aa6add1504a12fb9c02b,0x51d81b50c5f06af6f584070e67731b89f20d271ad3fe99295deace7bfca92dd9,0xa79d2d,1708758845,erc20,0x7ff36ab5,in,BRETT,60513211.44747327,0x320e2bc40995d9c4c3423e,base
0x8dd6f3a1ff485f5f5f35aa6add1504a12fb9c02b,0x404e927b203375779a6abd52a2049ce0adf6609b,0x8dd6f3a1ff485f5f5f35aa6add1504a12fb9c02b,0x02d30f0728269aeaf87627d31bb7a872a6207b8e71034f3acd3bbc08f0d2f842,0xa79e86,1708759535,erc20,0x7ff36ab5,in,BRETT,7850625.381086646,0x67e6f4132866146ee7a49,base
0x8dd6f3a1ff485f5f5f35aa6add1504a12fb9c02b,0x404e927b203375779a6abd52a2049ce0adf6609b,0x8dd6f3a1ff485f5f5f35aa6add1504a12fb9c02b,0x7dfb3a0b75677e9d54aacff8e3521b427b5270a018f2ce2ab57b1d9d136b1727,0xa7a04f,1708760449,erc20,0x7ff36ab5,in,BRETT,2293673.775108629,0x1e5b44df388cf1659af57,base
0x2685f62636dadef7256697870cd30faa011bb2ae,0xfd92f4e91d54b9ef91cc3f97c011a6af0c2a7eda,0x2685f62636dadef7256697870cd30faa011bb2ae,0x56c2dc614af90eea58d972897be84395afd48625dddb737bb5e2e709bd1aa754,0xa74446,1708713327,external,0x,in,ETH,0.2,0x2c68af0bb140000,base
0x2685f62636dadef7256697870cd30faa011bb2ae,0x404e927b203375779a6abd52a2049ce0adf6609b,0x2685f62636dadef7256697870cd30faa011bb2ae,0x988501728a61e543c2348cba7e9c631f775660929d9802d69196d054de0b9217,0xa79cdb,1708758681,erc20,0x7ff36ab5,in,BRETT,61794381.51625274,0x331d782265ced6062d8254,base
0x2685f62636dadef7256697870cd30faa011bb2ae,0x404e927b203375779a6abd52a2049ce0adf6609b,0x2685f62636dadef7256697870cd30faa011bb2ae,0x02455f1d1ee6f90df6f9aac0bf642d414f7b736fe36d447f1f4ee3462d9e1196,0xa79e97,1708759569,erc20,0x7ff36ab5,in,BRETT,8868191.025306307,0x755e99949d25179ad003e,base
0x2685f62636dadef7256697870cd30faa011bb2ae,0x404e927b203375779a6abd52a2049ce0adf6609b,0x2685f62636dadef7256697870cd30faa011bb2ae,0x8c4aaa7e2e34b0e11199ed01310fef25ec0f571b366356888ff28bef913c9881,0xa7a060,1708760483,erc20,0x7ff36ab5,in,BRETT,2285154.1898934413,0x1e3e674f49a4af889876a,base
0x46f64bec31eaf281176f9bb5899107a80e932b45,0xfd92f4e91d54b9ef91cc3f97c011a6af0c2a7eda,0x46f64bec31eaf281176f9bb5899107a80e932b45,0x8818240fd94ed3bda42103c9229807889370c5be43cf1da327cf875aeb7b12e5,0xa75398,1708721171,external,0x,in,ETH,0.8,0xb1a2bc2ec500000,base
0x46f64bec31eaf281176f9bb5899107a80e932b45,0x0000000000000000000000000000000000000000,0x46f64bec31eaf281176f9bb5899107a80e932b45,0x9c18c50988784c501e7ff16e913f2ba5c6b6e504ed6d7d63914326368a278b50,0xa79a1a,1708757271,erc20,0x60a06040,in,BRETT,1000000000.0,0x33b2e3c9fd0803ce8000000,base
0x46f64bec31eaf281176f9bb5899107a80e932b45,0x46f64bec31eaf281176f9bb5899107a80e932b45,0x532f27101965dd16442e59d40670faf5ebb142e4,0xbdedf93d7d9b309e72c00070af6f4ed9065d0848dbfeb86af5862e251fedac09,0xa79a5b,1708757401,external,0x,out,ETH,0.5,0x6f05b59d3b20000,base
0x98a760118ba0065e68d02c7cbde55a2572034992,0xe785155241757923ace3e4b84a80a1a71e0a1d44,0x98a760118ba0065e68d02c7cbde55a2572034992,0x803fff3bd1a6fb5cae23ec8f5bb06e7f905fa31cb399d654ba6f87e94cc21b01,0x9f6c2e,1707685183,external,0x,in,ETH,0.3,0x429d069189e0000,base
0x98a760118ba0065e68d02c7cbde55a2572034992,0x98a760118ba0065e68d02c7cbde55a2572034992,0x523c83e24a137aa8d943ac7660556f9138182aae,0xb43619d349d6b13a80c5e0502fd3a1906d3f7455de8e36cca2d9c502a88c5a7b,0x9ff2a3,1707754025,external,0x09c182c3,out,ETH,0.2,0x2c68af0bb140000,base
0x98a760118ba0065e68d02c7cbde55a2572034992,0x98a760118ba0065e68d02c7cbde55a2572034992,0x523c83e24a137aa8d943ac7660556f9138182aae,0x14f912282341f2c426d191c82faf981f52a2a0104250cc03e9d442105eaf83b9,0xa00c11,1707767045,external,0x09c182c3,out,ETH,0.2,0x2c68af0bb140000,base
0x98a760118ba0065e68d02c7cbde55a2572034992,0xb331aa229758e0686b501689c36a37f32b174d1a,0x98a760118ba0065e68d02c7cbde55a2572034992,0x10ae65a4ace6603182d1c69d64371a931cf47be722aa1a842bc38c3d3902e2d7,0xa06a84,1707815403,external,0x,in,ETH,2.1,0x1d24b2dfac520000,base
0x98a760118ba0065e68d02c7cbde55a2572034992,0x98a760118ba0065e68d02c7cbde55a2572034992,0x4eb7fc78cfa4887587e84783e2498c917cab9fc9,0x4d7582a929cd282d10021c64cf579862a1edca9c261eb670f209d4b0ef90aa47,0xa21d64,1708038059,external,0x09c182c3,out,ETH,0.1,0x16345785d8a0000,base
0x98a760118ba0065e68d02c7cbde55a2572034992,0x98a760118ba0065e68d02c7cbde55a2572034992,0x4eb7fc78cfa4887587e84783e2498c917cab9fc9,0x177c153978b42bd8d5544355a828798c2d1d0b51f103ac7e4501ced00b417f83,0xa22321,1708040997,external,0x09c182c3,out,ETH,0.2,0x2c68af0bb140000,base
0x98a760118ba0065e68d02c7cbde55a2572034992,0x98a760118ba0065e68d02c7cbde55a2572034992,0x4eb7fc78cfa4887587e84783e2498c917cab9fc9,0x28445e36ccc26bebb1a2b3d31ff28fb312c4cc403466474acb64477c100c4b11,0xa22327,1708041009,external,0x09c182c3,out,ETH,0.2,0x2c68af0bb140000,base
0x98a760118ba0065e68d02c7cbde55a2572034992,0x404e927b203375779a6abd52a2049ce0adf6609b,0x98a760118ba0065e68d02c7cbde55a2572034992,0x476efe95a76acdf0716ec05f0940c2ea11b5976a3020632c9ad57ca27f1b201b,0xa7a100,1708760803,erc20,0x09c182c3,in,BRETT,10102274.462739518,0x85b3d655ec58c019dd98a,base
0xbbe94a5cfcf3c83a399f7d10d4fc94448f034f32,0xfd92f4e91d54b9ef91cc3f97c011a6af0c2a7eda,0xbbe94a5cfcf3c83a399f7d10d4fc94448f034f32,0xefba28c73efd4c2133875de2632a9f7ebe26735e33b1aa5bd4d57de6046cd62f,0xa753d5,1708721293,external,0x,in,ETH,3.0,0x29a2241af62c0000,base
0xbbe94a5cfcf3c83a399f7d10d4fc94448f034f32,0xbbe94a5cfcf3c83a399f7d10d4fc94448f034f32,0x971a8115a573f9ccf10f9147c835a10698fba57a,0x3d48b5e54ae7f26ff5d7f3c710ec8a4d5442b6c787fb8e14c2a19a10ff422aec,0xa79703,1708755689,external,0x,out,ETH,0.51,0x713e24c43730000,base
0xbbe94a5cfcf3c83a399f7d10d4fc94448f034f32,0xbbe94a5cfcf3c83a399f7d10d4fc94448f034f32,0x589a05518fe93f127bbacbd4a186706f821f65c8,0xdbaa5ac7a7bebfdfdc6bbbe0ecaca06d755fa7450f9400aa8d99414acc5d9e87,0xa7970b,1708755705,external,0x,out,ETH,0.5,0x6f05b59d3b20000,base
0xbbe94a5cfcf3c83a399f7d10d4fc94448f034f32,0xbbe94a5cfcf3c83a399f7d10d4fc94448f034f32,0x0c1f076f34119d8f184c89b72fb480e6dfc4773f,0x61e59520438c9ce0eb5d8cf5d5fabf22cfc87c82979c3efa1921d92507d6d0d2,0xa7971e,1708755743,external,0x,out,ETH,0.5,0x6f05b59d3b20000,base
0xbbe94a5cfcf3c83a399f7d10d4fc94448f034f32,0xbbe94a5cfcf3c83a399f7d10d4fc94448f034f32,0x86bd1e313ea2c4628ec65a57cf1bef654f943682,0xe3d85fbfcc84ceafb486a9debb875b621949d99a77aed0582a083325b3d7ac76,0xa79729,1708755765,external,0x,out,ETH,0.5,0x6f05b59d3b20000,base
0xbbe94a5cfcf3c83a399f7d10d4fc94448f034f32,0xbbe94a5cfcf3c83a399f7d10d4fc94448f034f32,0xe0d76c92ff46c474d1dc63c90ff6f2ec313626d9,0x688d53a0651b3e7539ff0d3855626f80dbe2b3d3570af11d7f23ba77f86fada7,0xa79744,1708755819,external,0x,out,ETH,0.48,0x6a94d74f4300000,base
0xbbe94a5cfcf3c83a399f7d10d4fc94448f034f32,0x404e927b203375779a6abd52a2049ce0adf6609b,0xbbe94a5cfcf3c83a399f7d10d4fc94448f034f32,0x17ebf6754dacbdf585cabbd948464f4cedc0d5b9f282405abf99e442d2b706a6,0xa79d9f,1708759073,erc20,0x2646478b,in,BRETT,183553773.55737695,0x97d50600c0be234909d95c,base
0x06b17d90d72bc3446a376e0d888547b59adefb9d,0x490dfbf6818334f2f24007d407598c15d01a4167,0x06b17d90d72bc3446a376e0d888547b59adefb9d,0xc8689bda63488418144cf99e9443387c22bb4e70ddddc2cb70d692c614989631,0x9f6c3e,1707685215,external,0x,in,ETH,0.4,0x58d15e176280000,base
0x06b17d90d72bc3446a376e0d888547b59adefb9d,0x06b17d90d72bc3446a376e0d888547b59adefb9d,0x523c83e24a137aa8d943ac7660556f9138182aae,0x8bc5841cf3ec6b21e77ce3db8192fed665dbd58239cfbfc59908ae4f20a45b40,0x9f6e10,1707686147,external,0x09c182c3,out,ETH,0.2,0x2c68af0bb140000,base
0x06b17d90d72bc3446a376e0d888547b59adefb9d,0x06b17d90d72bc3446a376e0d888547b59adefb9d,0x523c83e24a137aa8d943ac7660556f9138182aae,0x856339826d0ad5abbf43a9651c2b6ea9a441e311e311601eb07126db8b4571d9,0x9ff2a3,1707754025,external,0x09c182c3,out,ETH,0.2,0x2c68af0bb140000,base
0x06b17d90d72bc3446a376e0d888547b59adefb9d,0x06b17d90d72bc3446a376e0d888547b59adefb9d,0x523c83e24a137aa8d943ac7660556f9138182aae,0x044595ee8749e8827973a3d1217dfb7ebbd4b5ec3a74eec91857a81bc6008d02,0x9ffab1,1707758149,external,0x09c182c3,out,ETH,0.1,0x16345785d8a0000,base
0x06b17d90d72bc3446a376e0d888547b59adefb9d,0x06b17d90d72bc3446a376e0d888547b59adefb9d,0x523c83e24a137aa8d943ac7660556f9138182aae,0xe5e2ce95894199043bb96a1797d812803d17e909e53abed744136e642c8f37d6,0xa00c11,1707767045,external,0x09c182c3,out,ETH,0.2,0x2c68af0bb140000,base
0x06b17d90d72bc3446a376e0d888547b59adefb9d,0xb331aa229758e0686b501689c36a37f32b174d1a,0x06b17d90d72bc3446a376e0d888547b59adefb9d,0x57456670302525c802a47b9925be46441278842c6a6b611d6cbe0ce8586eaa09,0xa06a72,1707815367,external,0x,in,ETH,2.0,0x1bc16d674ec80000,base
0x06b17d90d72bc3446a376e0d888547b59adefb9d,0x06b17d90d72bc3446a376e0d888547b59adefb9d,0x4eb7fc78cfa4887587e84783e2498c917cab9fc9,0x260cd2a47d35bb3eed2651092d0bf4c43a3dfbba1071e8b3f076db6f4e2444e9,0xa21d65,1708038061,external,0x09c182c3,out,ETH,0.1,0x16345785d8a0000,base
0x06b17d90d72bc3446a376e0d888547b59adefb9d,0x404e927b203375779a6abd52a2049ce0adf6609b,0x06b17d90d72bc3446a376e0d888547b59adefb9d,0x21e10996cdd3ec6ab77c14f32a5d3da1232325607101c41c953bfee465ffc62e,0xa7a100,1708760803,erc20,0x09c182c3,in,BRETT,9447214.1530839,0x7d0868164380731f473e8,base
0xab9671b7991e82788d03eb89946b1e3ccc5532af,0xfd92f4e91d54b9ef91cc3f97c011a6af0c2a7eda,0xab9671b7991e82788d03eb89946b1e3ccc5532af,0x5c59aeb08242d532832ba7578bcef9ad9973fcd7ce979f49406ab109bf46bc6b,0xa745bd,1708714077,external,0x,in,ETH,0.4,0x58d15e176280000,base
0xab9671b7991e82788d03eb89946b1e3ccc5532af,0x404e927b203375779a6abd52a2049ce0adf6609b,0xab9671b7991e82788d03eb89946b1e3ccc5532af,0x9a14f0a635e319cb3785eb779a0bc506b3611b57eda86c975ff45e8cc1196277,0xa79d3e,1708758879,erc20,0x7ff36ab5,in,BRETT,26452135.969510313,0x15e1752a0c5ebb3338435d,base
0xab9671b7991e82788d03eb89946b1e3ccc5532af,0x404e927b203375779a6abd52a2049ce0adf6609b,0xab9671b7991e82788d03eb89946b1e3ccc5532af,0xb86bd0512476277abd088dd33028f81362f7834f6a6b667ab36cb1058a671b87,0xa79f59,1708759957,erc20,0x7ff36ab5,in,BRETT,16585107.339984922,0xdb808786f2396bc25dc9d,base
0xab9671b7991e82788d03eb89946b1e3ccc5532af,0x404e927b203375779a6abd52a2049ce0adf6609b,0xab9671b7991e82788d03eb89946b1e3ccc5532af,0x93fa96f1e9d9cee6ce8157f55dcbf38f35db442ef6af72c91537dbbfe53047bb,0xa79f80,1708760035,erc20,0x7ff36ab5,in,BRETT,7473070.820495637,0x62e7bfb1e9ea6ebdeed0f,base
0xab9671b7991e82788d03eb89946b1e3ccc5532af,0x404e927b203375779a6abd52a2049ce0adf6609b,0xab9671b7991e82788d03eb89946b1e3ccc5532af,0xa196d7820b3d92a51ce50b196f51c6899950bddcc6d2357ef143a04c893530ce,0xa7a001,1708760293,erc20,0x7ff36ab5,in,BRETT,5172570.051268393,0x447559597b1ed7cc4060c,base
0xd41f0b53687947a6b20f6d7e1d08fe5800e2562c,0xfd92f4e91d54b9ef91cc3f97c011a6af0c2a7eda,0xd41f0b53687947a6b20f6d7e1d08fe5800e2562c,0x2fb69638163bf6167199a271afd882fcc65a2529713abe68a6627055e6a71459,0xa724c0,1708697187,external,0x,in,ETH,0.05,0xb1a2bc2ec50000,base
0xd41f0b53687947a6b20f6d7e1d08fe5800e2562c,0x404e927b203375779a6abd52a2049ce0adf6609b,0xd41f0b53687947a6b20f6d7e1d08fe5800e2562c,0x28eb2474d66d52a4099eaeec7c438fe2f818733bd9060dc81cd4991ff0f30b99,0xa79c5c,1708758427,erc20,0xfb3bdb41,in,BRETT,84219493.0,0x45aa2bdd22be37a2740000,base
0x3eb8cc890223b82b16a110f87a9669c8bc401ceb,0xfd92f4e91d54b9ef91cc3f97c011a6af0c2a7eda,0x3eb8cc890223b82b16a110f87a9669c8bc401ceb,0x7dc0077d08b61f9e4967941995453a001979722f7bec0296e610daeed508b57b,0xa73cda,1708709527,external,0x,in,ETH,0.15,0x214e8348c4f0000,base
0x3eb8cc890223b82b16a110f87a9669c8bc401ceb,0x404e927b203375779a6abd52a2049ce0adf6609b,0x3eb8cc890223b82b16a110f87a9669c8bc401ceb,0xeb0fa7254b6ff297ff25568f802b5cb762fcae8017dc6493c7a0d6c3f0c6a36b,0xa79cf5,1708758733,erc20,0xfb3bdb41,in,BRETT,89342735.0,0x49e70f5e7ff2c1fadc0000,base
0x3eb8cc890223b82b16a110f87a9669c8bc401ceb,0x404e927b203375779a6abd52a2049ce0adf6609b,0x3eb8cc890223b82b16a110f87a9669c8bc401ceb,0x9c1fcacbc58536f67e27ae9f579eb96a9da835f5edb51a57d6f364f1e5723fc9,0xa79e45,1708759405,erc20,0x7ff36ab5,in,BRETT,6694384.490794849,0x589974f7798c6ee0db9bf,base
0x3eb8cc890223b82b16a110f87a9669c8bc401ceb,0x404e927b203375779a6abd52a2049ce0adf6609b,0x3eb8cc890223b82b16a110f87a9669c8bc401ceb,0xaf06e35bc8901c51fa5390ff53f769f7bfa761fafe4f3f010da005b8c34d047b,0xa7a086,1708760559,erc20,0x7ff36ab5,in,BRETT,1345492.3223209376,0x11ceb48f23b0bb5783b9c,base
0x073cca7d486f3e776009ce7a63c55b2d1442b789,0x3304e22ddaa22bcdc5fca2269b418046ae7b566a,0x073cca7d486f3e776009ce7a63c55b2d1442b789,0x7ec01b7b1154edfe448a8ddae7d07ba32f8d064b072cca7de9a71f1b535cf79e,0xa69599,1708623893,external,0x,in,ETH,0.09974,0x162590065e5c000,base
0x073cca7d486f3e776009ce7a63c55b2d1442b789,0x3304e22ddaa22bcdc5fca2269b418046ae7b566a,0x073cca7d486f3e776009ce7a63c55b2d1442b789,0x977dbb874377a7172069c0e62f7546e518318026a3dd559107b49c8e4836668f,0xa695ee,1708624063,external,0x,in,ETH,0.94974,0xd2e277f80fac000,base
0x073cca7d486f3e776009ce7a63c55b2d1442b789,0x404e927b203375779a6abd52a2049ce0adf6609b,0x073cca7d486f3e776009ce7a63c55b2d1442b789,0x15cc44811cfa76986694fc20e5678f7126ace86718874dde1b01ba1e5f60fe26,0xa79db5,1708759117,erc20,0x2646478b,in,BRETT,194476575.1625262,0xa0de0443b22e38ed69d9f9,base
0x4e847e67e11faeaef49ec42e451a13dcc0aad7a8,0xfd92f4e91d54b9ef91cc3f97c011a6af0c2a7eda,0x4e847e67e11faeaef49ec42e451a13dcc0aad7a8,0x2512c9ba6684b1eb7b95dcb7bd3b408ceaa45fd03fa52ddeabcb7d0d56ab95e8,0xa73828,1708707123,external,0x,in,ETH,0.1,0x16345785d8a0000,base
0x4e847e67e11faeaef49ec42e451a13dcc0aad7a8,0x404e927b203375779a6abd52a2049ce0adf6609b,0x4e847e67e11faeaef49ec42e451a13dcc0aad7a8,0x5f9d8bc5d976647a349af901f474a7e2cee81e8038c504724eaf5567b6f52133,0xa79c95,1708758541,erc20,0xfb3bdb41,in,BRETT,50000000.0,0x295be96e64066972000000,base
0x4e847e67e11faeaef49ec42e451a13dcc0aad7a8,0x404e927b203375779a6abd52a2049ce0adf6609b,0x4e847e67e11faeaef49ec42e451a13dcc0aad7a8,0x034db3b902bfc12a3c700387d1eff59a9d00e1622b73078e7073da855b8af2ec,0xa7a0dd,1708760733,erc20,0x7ff36ab5,in,BRETT,2272253.027879338,0x1e12b155dd7c05ef59f60,base
0x7f020b7f99eec3689309c917c1cfb0a21530f1ab,0xfd92f4e91d54b9ef91cc3f97c011a6af0c2a7eda,0x7f020b7f99eec3689309c917c1cfb0a21530f1ab,0x97cd67e7760d1a4cb7d367c6bc1b1767c05099f5d2f709d5b6b95ca65540b772,0xa736cf,1708706433,external,0x,in,ETH,0.1,0x16345785d8a0000,base
0x7f020b7f99eec3689309c917c1cfb0a21530f1ab,0x404e927b203375779a6abd52a2049ce0adf6609b,0x7f020b7f99eec3689309c917c1cfb0a21530f1ab,0x295d0ece7bbb5887335760a82d07633d77b70d2db4c0c568a7cc0b8915240ad2,0xa79cd4,1708758667,erc20,0xfb3bdb41,in,BRETT,86281888.0,0x475ee68552553216800000,base
0x148ac507bb2f1e30441548f19df79edfc57021a0,0x2f66ace812532a9508520ebec6afd08c32338022,0x148ac507bb2f1e30441548f19df79edfc57021a0,0xc28ab5d027aa4a85f2fcdbd0adba217dab513490bda92de682f74ede0949eabb,0xa7f50a,1708803831,erc20,0xa9059cbb,in,BRETT,100.0,0x56bc75e2d63100000,base
0x148ac507bb2f1e30441548f19df79edfc57021a0,0x3f59dde6002b18163262e0ef593e67c7ecd754f7,0x148ac507bb2f1e30441548f19df79edfc57021a0,0x72c8dad8fb4a5f52562a8e147aea09462b8b91dac6b7a0008195787a1ba11d3e,0xa7f64c,1708804475,erc20,0xa9059cbb,in,BRETT,100000000.0,0x52b7d2dcc80cd2e4000000,base
0xfa08f0a53251356ecac47ffc32444c20ff11ab92,0xfd92f4e91d54b9ef91cc3f97c011a6af0c2a7eda,0xfa08f0a53251356ecac47ffc32444c20ff11ab92,0x842a35ae04fa12025a6d10e8a6ddbdd8a62427f79ca490c876ea9e7cf881cbf3,0xa73692,1708706311,external,0x,in,ETH,0.1,0x16345785d8a0000,base
0xfa08f0a53251356ecac47ffc32444c20ff11ab92,0x404e927b203375779a6abd52a2049ce0adf6609b,0xfa08f0a53251356ecac47ffc32444c20ff11ab92,0x7dfad2150a64c4ac1bc4f229f5070b6db2a5620fb927e5c2ff387df03e9bd71f,0xa79c80,1708758499,erc20,0xfb3bdb41,in,BRETT,76026117.0,0x3ee3280f93fcbfe8f40000,base
0x600b9677f189cb9ef2f8fe3171e25540fcf34e22,0xfd92f4e91d54b9ef91cc3f97c011a6af0c2a7eda,0x600b9677f189cb9ef2f8fe3171e25540fcf34e22,0xe49049218b0bd1e24b1d7969e00d1a2c95286f0ec818a8a11cb32ad6f3f80330,0xa7357f,1708705761,external,0x,in,ETH,0.1,0x16345785d8a0000,base
0x600b9677f189cb9ef2f8fe3171e25540fcf34e22,0x404e927b203375779a6abd52a2049ce0adf6609b,0x600b9677f189cb9ef2f8fe3171e25540fcf34e22,0xeed8559dd0bbfaaf316653fd0e3e28679ee1091d669ca6f29007249aa748ed3d,0xa79c74,1708758475,erc20,0xfb3bdb41,in,BRETT,75215264.0,0x3e3773a1b36410c2800000,base
0xd589d97844a0cb94300e72180363696be29c1399,0xfd92f4e91d54b9ef91cc3f97c011a6af0c2a7eda,0xd589d97844a0cb94300e72180363696be29c1399,0xb65429c69813771d2bcd46b06915b5ab0f29d353cf159d10bab1f61eb3ff85ba,0xa73530,1708705603,external,0x,in,ETH,0.1,0x16345785d8a0000,base
0xd589d97844a0cb94300e72180363696be29c1399,0x404e927b203375779a6abd52a2049ce0adf6609b,0xd589d97844a0cb94300e72180363696be29c1399,0x79a535f565cb0ce9f664fad64afdfb012593f37fc2f59c466cafab78a2e03d08,0xa79c6e,1708758463,erc20,0xfb3bdb41,in,BRETT,81133185.0,0x431c9ec59a26d091640000,base
0x1cbe4b4252e8afdcfeea7b12ad95d7090860dfaf,0xfd92f4e91d54b9ef91cc3f97c011a6af0c2a7eda,0x1cbe4b4252e8afdcfeea7b12ad95d7090860dfaf,0x284eb7c5abaaa8b62c0f43b88fe0619ea6bb504bc982df3d284c0447b40c6fa5,0xa73480,1708705251,external,0x,in,ETH,0.05,0xb1a2bc2ec50000,base
0x1cbe4b4252e8afdcfeea7b12ad95d7090860dfaf,0x404e927b203375779a6abd52a2049ce0adf6609b,0x1cbe4b4252e8afdcfeea7b12ad95d7090860dfaf,0xa7f85eb9e5f190117cf6414bfe19ddc71109f3af3a0753528088494ef2fae80e,0xa79c62,1708758439,erc20,0xfb3bdb41,in,BRETT,50000000.0,0x295be96e64066972000000,base
0x22818f87e9d07d007e8967811e2e3b2257565673,0xfd92f4e91d54b9ef91cc3f97c011a6af0c2a7eda,0x22818f87e9d07d007e8967811e2e3b2257565673,0x85424c95a276c0e905cfe2ee6d3d9d443c859f07833fb5c49d78e3819719364a,0xa73558,1708705683,external,0x,in,ETH,0.1,0x16345785d8a0000,base
0x22818f87e9d07d007e8967811e2e3b2257565673,0x404e927b203375779a6abd52a2049ce0adf6609b,0x22818f87e9d07d007e8967811e2e3b2257565673,0x39e86ca2a1ca8e255aa142a96d42f44b73519892fc47559c9dbe0a96096a29e6,0xa79c9f,1708758561,erc20,0x7ff36ab5,in,BRETT,26030546.838807277,0x15882ec58ce343d7055bd7,base
0x2eb9a4741825b1bc563a96b274a1cad3a8806c57,0xfd92f4e91d54b9ef91cc3f97c011a6af0c2a7eda,0x2eb9a4741825b1bc563a96b274a1cad3a8806c57,0xb5a24a9f4135535adfea7e00bde56237e07f93ae33c3108a79bff437f3bf7c60,0xa723ee,1708696767,external,0x,in,ETH,0.05,0xb1a2bc2ec50000,base
0x2eb9a4741825b1bc563a96b274a1cad3a8806c57,0x404e927b203375779a6abd52a2049ce0adf6609b,0x2eb9a4741825b1bc563a96b274a1cad3a8806c57,0xe4ef721c9fe42a030529228e70b2005c8332d417f8d5166c7f3a6e703c38b069,0xa79be1,1708758181,erc20,0xfb3bdb41,in,BRETT,78613207.0,0x4106fe7da346797cfc0000,base
0x2eb9a4741825b1bc563a96b274a1cad3a8806c57,0x404e927b203375779a6abd52a2049ce0adf6609b,0x2eb9a4741825b1bc563a96b274a1cad3a8806c57,0x23fbe48b6d59fab3459e87a2ec9c4c8c4d44bc2d2eea4bc1a87afe42bb06f880,0xa79be6,1708758191,erc20,0xfb3bdb41,in,BRETT,50000000.0,0x295be96e64066972000000,base
0x589a05518fe93f127bbacbd4a186706f821f65c8,0xbbe94a5cfcf3c83a399f7d10d4fc94448f034f32,0x589a05518fe93f127bbacbd4a186706f821f65c8,0xdbaa5ac7a7bebfdfdc6bbbe0ecaca06d755fa7450f9400aa8d99414acc5d9e87,0xa7970b,1708755705,external,0x,in,ETH,0.5,0x6f05b59d3b20000,base
0x589a05518fe93f127bbacbd4a186706f821f65c8,0x404e927b203375779a6abd52a2049ce0adf6609b,0x589a05518fe93f127bbacbd4a186706f821f65c8,0x6d93ec84d123f09728d9b9142f106ed7277dbe0d1d421db471f7e0c1832f7baf,0xa79dfe,1708759263,erc20,0x2646478b,in,BRETT,102805633.21286048,0x5509f08b2d139673eb5463,base
0x188d2b33a67ce2445157ea540314c9cbd4e3fd7c,0xfd92f4e91d54b9ef91cc3f97c011a6af0c2a7eda,0x188d2b33a67ce2445157ea540314c9cbd4e3fd7c,0xf7dbc51ccfe902c1401b274c24bfd270420256f357c136c0f4dc2dbb684793c5,0xa737f2,1708707015,external,0x,in,ETH,0.1,0x16345785d8a0000,base
0x188d2b33a67ce2445157ea540314c9cbd4e3fd7c,0x404e927b203375779a6abd52a2049ce0adf6609b,0x188d2b33a67ce2445157ea540314c9cbd4e3fd7c,0xec6f60773046a88e6e1ef374cce7386f199f2e3e82559f57bc94094936c4d54d,0xa79c9a,1708758551,erc20,0xfb3bdb41,in,BRETT,75130140.0,0x3e256d0ce43258c2f00000,base
0x188d2b33a67ce2445157ea540314c9cbd4e3fd7c,0x404e927b203375779a6abd52a2049ce0adf6609b,0x188d2b33a67ce2445157ea540314c9cbd4e3fd7c,0xe0a53163a32933cead1bfd8f2542946c40e4d769b36dab3c99648dbd5a4ca61a,0xa7a0cc,1708760699,erc20,0x7ff36ab5,in,BRETT,2032660.8165490753,0x1ae6ec37f50d16624693f,base
0x899624126624a645d93a3724553893cafce06a66,0xfd92f4e91d54b9ef91cc3f97c011a6af0c2a7eda,0x899624126624a645d93a3724553893cafce06a66,0x0bd9eaee9ee36e0d870150198834f8db3d4893e3f252d45c93a72b2040d64541,0xa73657,1708706193,external,0x,in,ETH,0.1,0x16345785d8a0000,base
0x899624126624a645d93a3724553893cafce06a66,0x404e927b203375779a6abd52a2049ce0adf6609b,0x899624126624a645d93a3724553893cafce06a66,0xd86721781538091fabe166d5eef400032325aa9e4f5ef23508e9f3bc114a650a,0xa79c7b,1708758489,erc20,0xfb3bdb41,in,BRETT,83220177.0,0x44d68ed5bc194d40a40000,base
0x070e3175e3972fd0a855415ad44d26dc431da3c6,0x3304e22ddaa22bcdc5fca2269b418046ae7b566a,0x070e3175e3972fd0a855415ad44d26dc431da3c6,0x30a5959027cf3a3f03327651b3b3f9d1358c9f0b780a97deceb0fe343d3e9053,0xa69cb7,1708627537,external,0x,in,ETH,0.97886331,0xd959efe84368c00,base
0x070e3175e3972fd0a855415ad44d26dc431da3c6,0x404e927b203375779a6abd52a2049ce0adf6609b,0x070e3175e3972fd0a855415ad44d26dc431da3c6,0xe735b42c93e8dbfa6e02dff91e04200737a27064e4c6572ad898719e9fc749eb,0xa79dcc,1708759163,erc20,0x2646478b,in,BRETT,198586424.35512865,0xa4444fa2b68be497c3ef53,base
0x00e063d058d8bf815da697e07097752afa997e71,0xfd92f4e91d54b9ef91cc3f97c011a6af0c2a7eda,0x00e063d058d8bf815da697e07097752afa997e71,0x57468f6182f7cf8f89e968dbb9d8325f404bf1815fee2be7567db3173304ec68,0xa7356b,1708705721,external,0x,in,ETH,0.1,0x16345785d8a0000,base
0x00e063d058d8bf815da697e07097752afa997e71,0x404e927b203375779a6abd52a2049ce0adf6609b,0x00e063d058d8bf815da697e07097752afa997e71,0xbb9bb36f95f1c1639db7af9e5f17492d0c006feb07910d3ca8ad388ebb53fe58,0xa79c98,1708758547,erc20,0x7ff36ab5,in,BRETT,14406421.277715782,0xbeaada98fe74893251927,base
0xe1690dd272fe718db57af1f2863cbe72b4ba407b,0xfd92f4e91d54b9ef91cc3f97c011a6af0c2a7eda,0xe1690dd272fe718db57af1f2863cbe72b4ba407b,0xfa574f8579f642ca3ff278d311c2fb9762adb310dfdaa7910744c3b1bdd6178a,0xa72420,1708696867,external,0x,in,ETH,0.05,0xb1a2bc2ec50000,base
0xe1690dd272fe718db57af1f2863cbe72b4ba407b,0x404e927b203375779a6abd52a2049ce0adf6609b,0xe1690dd272fe718db57af1f2863cbe72b4ba407b,0x7dcc1b7a6212f785280c56bf0e7cc5c65b66d5cb9766e3bc88e37d3d6502e0c0,0xa79be7,1708758193,erc20,0xfb3bdb41,in,BRETT,79439927.0,0x41b60f125fd030967c0000,base
0xe1690dd272fe718db57af1f2863cbe72b4ba407b,0x404e927b203375779a6abd52a2049ce0adf6609b,0xe1690dd272fe718db57af1f2863cbe72b4ba407b,0x62f053f85c3c6c4c4fbac4fd660d9ab1bc6fb1ab1f05da933ef19a6b148cd408,0xa79bec,1708758203,erc20,0xfb3bdb41,in,BRETT,89922808.0,0x4a61e53081c04918e00000,base
0xccfaa5cdbc265199aae588bb08a8b0e61e61b29b,0xfd92f4e91d54b9ef91cc3f97c011a6af0c2a7eda,0xccfaa5cdbc265199aae588bb08a8b0e61e61b29b,0x044d8c698b489032b1eeb28a2292d2b2bbafd548659b62a70a9c5054a81774e4,0xa73840,1708707171,external,0x,in,ETH,0.1,0x16345785d8a0000,base
0xccfaa5cdbc265199aae588bb08a8b0e61e61b29b,0x404e927b203375779a6abd52a2049ce0adf6609b,0xccfaa5cdbc265199aae588bb08a8b0e61e61b29b,0x53cf4a5774d60350e4cc071779834c91eb3043fe122b0b195aae3e73c46a4610,0xa79ca0,1708758563,erc20,0xfb3bdb41,in,BRETT,81226670.0,0x43306a9a986a0e91f80000,base
0xccfaa5cdbc265199aae588bb08a8b0e61e61b29b,0xccfaa5cdbc265199aae588bb08a8b0e61e61b29b,0x404e927b203375779a6abd52a2049ce0adf6609b,0xd538995546b6b144f0c5598bd843f92ae1e547466b64f30b9d473993c81704f8,0xa79cb0,1708758595,erc20,0x791ac947,out,BRETT,81226670.0,0x43306a9a986a0e91f80000,base
0xccfaa5cdbc265199aae588bb08a8b0e61e61b29b,0x404e927b203375779a6abd52a2049ce0adf6609b,0xccfaa5cdbc265199aae588bb08a8b0e61e61b29b,0x517f58c53ce6877a0a183899d335457a3916467e44f68d96a2670035d4c98970,0xa79df9,1708759253,erc20,0x7ff36ab5,in,BRETT,12764282.34438003,0xa8ef121e4f35eab660609,base
0xc420a1f5c5acb57ccdada2bb66db038395fc3a5e,0xfd92f4e91d54b9ef91cc3f97c011a6af0c2a7eda,0xc420a1f5c5acb57ccdada2bb66db038395fc3a5e,0x6c3972d9296029eed5950ec82b25d96d2bce248e38cd44be8df772b79f868a41,0xa743b5,1708713037,external,0x,in,ETH,0.2,0x2c68af0bb140000,base
0xc420a1f5c5acb57ccdada2bb66db038395fc3a5e,0x404e927b203375779a6abd52a2049ce0adf6609b,0xc420a1f5c5acb57ccdada2bb66db038395fc3a5e,0xe83627ba046827008f842924d400c6a03f7879ba72b2f8aba5ae6987b05551c1,0xa79cd5,1708758669,erc20,0xfb3bdb41,in,BRETT,79375181.0,0x41a8592f1ff73325140000,base
0xc420a1f5c5acb57ccdada2bb66db038395fc3a5e,0x404e927b203375779a6abd52a2049ce0adf6609b,0xc420a1f5c5acb57ccdada2bb66db038395fc3a5e,0x66b91c9477a85f3a2c648eb7c077398e9529f3bd9ece1aa3413973680eae76a7,0xa79e80,1708759523,erc20,0x7ff36ab5,in,BRETT,8059776.053101801,0x6aab955d7ec696b3e4d99,base
0xc420a1f5c5acb57ccdada2bb66db038395fc3a5e,0x404e927b203375779a6abd52a2049ce0adf6609b,0xc420a1f5c5acb57ccdada2bb66db038395fc3a5e,0x98addaac1f58fcaf89e7aaab5278d48b1ae5c4cb438337941ca779f4aff977ff,0xa7a049,1708760437,erc20,0x7ff36ab5,in,BRETT,2750336.4197386885,0x24668093bb5762f26531e,base
0xc005800bda365aab99abf42e7e2e8a782855b705,0xfd92f4e91d54b9ef91cc3f97c011a6af0c2a7eda,0xc005800bda365aab99abf42e7e2e8a782855b705,0x107e5030c72fa6c4f7b14e4b5a9cc2f3d03189818d8bf6084c1a1f9c31690c50,0xa73804,1708707051,external,0x,in,ETH,0.1,0x16345785d8a0000,base
0xc005800bda365aab99abf42e7e2e8a782855b705,0x404e927b203375779a6abd52a2049ce0adf6609b,0xc005800bda365aab99abf42e7e2e8a782855b705,0x15e688ab2a0df487c496a4fd0444e9328b0f9b6cac0d4ef54840ca0ece61f5de,0xa79cca,1708758647,erc20,0xfb3bdb41,in,BRETT,72781957.0,0x3c342dcb7bc51636f40000,base
0xc005800bda365aab99abf42e7e2e8a782855b705,0x404e927b203375779a6abd52a2049ce0adf6609b,0xc005800bda365aab99abf42e7e2e8a782855b705,0x9143c77c215f7fa16b4b4f547ed7d0594fc267e8af1cd51ff83c319bd6577923,0xa7a0d2,1708760711,erc20,0x7ff36ab5,in,BRETT,1870015.7978106374,0x18bfdc27074733ddf84e5,base
0x1d073998d6cfbc305d53a9e8df341ae775928b9b,0xfd92f4e91d54b9ef91cc3f97c011a6af0c2a7eda,0x1d073998d6cfbc305d53a9e8df341ae775928b9b,0xbb89803d696b8fd626038d7b298161210f911b2dbb0c122701d78b26953cbc12,0xa7242f,1708696897,external,0x,in,ETH,0.05,0xb1a2bc2ec50000,base
0x1d073998d6cfbc305d53a9e8df341ae775928b9b,0x404e927b203375779a6abd52a2049ce0adf6609b,0x1d073998d6cfbc305d53a9e8df341ae775928b9b,0xe1d4d75c345783e8d3e9ea0e96372b8c8674bd8a0101b1fad424b01e07170280,0xa79bed,1708758205,erc20,0xfb3bdb41,in,BRETT,81498901.0,0x436a1046a5e86727340000,base
0x1d073998d6cfbc305d53a9e8df341ae775928b9b,0x404e927b203375779a6abd52a2049ce0adf6609b,0x1d073998d6cfbc305d53a9e8df341ae775928b9b,0x82270ae0e286054552781b8dbc0dc0979cd0d62de241343a7088da21f086374c,0xa79bf2,1708758215,erc20,0xfb3bdb41,in,BRETT,50000000.0,0x295be96e64066972000000,base
0xd26577d6bc29660e1357ea3cc0a313cd540aa1dc,0xfd92f4e91d54b9ef91cc3f97c011a6af0c2a7eda,0xd26577d6bc29660e1357ea3cc0a313cd540aa1dc,0x01a46dd7cdef1f2deec0d0faad7e26aedeff98b023a9692028520df694bc168d,0xa724ac,1708697147,external,0x,in,ETH,0.05,0xb1a2bc2ec50000,base
0xd26577d6bc29660e1357ea3cc0a313cd540aa1dc,0x404e927b203375779a6abd52a2049ce0adf6609b,0xd26577d6bc29660e1357ea3cc0a313cd540aa1dc,0x606a4639db122bf049aaf60e9fdc2668f7074e37f952ae1449d073ce663720bf,0xa79c45,1708758381,erc20,0xfb3bdb41,in,BRETT,50000000.0,0x295be96e64066972000000,base
0x20654acfb211d13ef7afc18e0cb11d74e9ead01c,0xfd92f4e91d54b9ef91cc3f97c011a6af0c2a7eda,0x20654acfb211d13ef7afc18e0cb11d74e9ead01c,0xd9376bf8f865e0b3ff5e708da432b38d434d3d13abbccff7e4b5913832398274,0xa73ca9,1708709429,external,0x,in,ETH,0.15,0x214e8348c4f0000,base
0x20654acfb211d13ef7afc18e0cb11d74e9ead01c,0x404e927b203375779a6abd52a2049ce0adf6609b,0x20654acfb211d13ef7afc18e0cb11d74e9ead01c,0x95e90b9475aadf7b284ac44c46b8dcbe6b50d3dffd937113f59bedccee66b52c,0xa79cb8,1708758611,erc20,0xfb3bdb41,in,BRETT,87114909.0,0x480f4cadffc2c838540000,base
0x20654acfb211d13ef7afc18e0cb11d74e9ead01c,0x404e927b203375779a6abd52a2049ce0adf6609b,0x20654acfb211d13ef7afc18e0cb11d74e9ead01c,0x508667aa91682f9e737b042765967da9c22b27c5fd99c2c5c0517bd82587dd9c,0xa79e39,1708759381,erc20,0x7ff36ab5,in,BRETT,8839283.180676194,0x74fca805ac78e2773669a,base
0x20654acfb211d13ef7afc18e0cb11d74e9ead01c,0x404e927b203375779a6abd52a2049ce0adf6609b,0x20654acfb211d13ef7afc18e0cb11d74e9ead01c,0xf3f1241e9402b80680b54536437c86f36e2b874cc2ed6cb0d55f22d9ce8230fa,0xa7a07a,1708760535,erc20,0x7ff36ab5,in,BRETT,1752036.3860872628,0x1730215329bc106e776f3,base
0x662861d0b4263d296198386e7c67aa505bfe994b,0xfd92f4e91d54b9ef91cc3f97c011a6af0c2a7eda,0x662861d0b4263d296198386e7c67aa505bfe994b,0x7c4545d062c80e928e9c42fc66f5221cea23ad409388adfe815fe13e016c5950,0xa74432,1708713287,external,0x,in,ETH,0.2,0x2c68af0bb140000,base
0x662861d0b4263d296198386e7c67aa505bfe994b,0x404e927b203375779a6abd52a2049ce0adf6609b,0x662861d0b4263d296198386e7c67aa505bfe994b,0x359e20e9b620e7baeedff963f2109188ca3a18f38f55386c41ecab030f6c700f,0xa79cc8,1708758643,erc20,0xfb3bdb41,in,BRETT,84912435.0,0x463ce8532cc2275cec0000,base
0x662861d0b4263d296198386e7c67aa505bfe994b,0x404e927b203375779a6abd52a2049ce0adf6609b,0x662861d0b4263d296198386e7c67aa505bfe994b,0x0f63b3a9d8a2d58187172596865e621e32b4e8ebc0e4477aa3a08c85c25f661c,0xa79e91,1708759557,erc20,0x7ff36ab5,in,BRETT,7952302.913494365,0x693f7346abc8bd394c7fb,base
0x662861d0b4263d296198386e7c67aa505bfe994b,0x404e927b203375779a6abd52a2049ce0adf6609b,0x662861d0b4263d296198386e7c67aa505bfe994b,0x0166d2188104fea9f028b0da0ae394b50c110ffcb4e13990a618a12ed5014cf0,0xa7a05a,1708760471,erc20,0x7ff36ab5,in,BRETT,2697690.873885302,0x23b421d84d3dcdbfc354d,base
0xd2bfaa9537a26d4fc2a5b4282a625e1aaffa494b,0xfd92f4e91d54b9ef91cc3f97c011a6af0c2a7eda,0xd2bfaa9537a26d4fc2a5b4282a625e1aaffa494b,0xeedfb410a16aad47d27a6ffb23067f53525f7c523eeaf064ddc857f88c0390e5,0xa7388c,1708707323,external,0x,in,ETH,0.1,0x16345785d8a0000,base
0xd2bfaa9537a26d4fc2a5b4282a625e1aaffa494b,0x404e927b203375779a6abd52a2049ce0adf6609b,0xd2bfaa9537a26d4fc2a5b4282a625e1aaffa494b,0x135fd2c0c0632097619a8d9166efd5bee35d4b28b0145cb998d7cbc560e32340,0xa79ca5,1708758573,erc20,0xfb3bdb41,in,BRETT,76007952.0,0x3edf4f5590030b5e400000,base
0xd2bfaa9537a26d4fc2a5b4282a625e1aaffa494b,0x404e927b203375779a6abd52a2049ce0adf6609b,0xd2bfaa9537a26d4fc2a5b4282a625e1aaffa494b,0x8a059a525591003b7be369cd4dfe8a8fee2e654a0c1958c177a02ccc408237e7,0xa79e21,1708759333,erc20,0x7ff36ab5,in,BRETT,6448795.899599339,0x55595ed1c4c9535aa09d0,base
0x124e3ffe31785e7fac39908bad7cc3c21fa10dbd,0x8f3b1a83497e2cb3cca05a0faeb2dd4f7b44b144,0x124e3ffe31785e7fac39908bad7cc3c21fa10dbd,0xddaece716b5e970be3ab0f9a3f4344c1447c32a617bb9975ed5655566152718d,0xa79bd8,1708758163,external,0x,in,ETH,0.5,0x6f05b59d3b20000,base
0x124e3ffe31785e7fac39908bad7cc3c21fa10dbd,0x8f3b1a83497e2cb3cca05a0faeb2dd4f7b44b144,0x124e3ffe31785e7fac39908bad7cc3c21fa10dbd,0xa5830849e204d4625d3a946882b7a36db4b6fdf2d3e6398c389868dfd870c536,0xa79dfd,1708759261,external,0x,in,ETH,0.5,0x6f05b59d3b20000,base
0x124e3ffe31785e7fac39908bad7cc3c21fa10dbd,0x8f3b1a83497e2cb3cca05a0faeb2dd4f7b44b144,0x124e3ffe31785e7fac39908bad7cc3c21fa10dbd,0x840f0b52413e9d11775481d11a1680de6eccc0d93ad33f8ebb4ccf0393567dea,0xa79e57,1708759441,external,0x,in,ETH,0.2,0x2c68af0bb140000,base
0x124e3ffe31785e7fac39908bad7cc3c21fa10dbd,0x670b133de8e144391f3cde67dd9947ea5827b57d,0x124e3ffe31785e7fac39908bad7cc3c21fa10dbd,0x80739f10f5a4813a33811ba3eeaa613730bee3ca44cf28d3f436cf26b24c9593,0xa79e7b,1708759513,external,0x,in,ETH,0.3,0x429d069189e0000,base
0x124e3ffe31785e7fac39908bad7cc3c21fa10dbd,0xd254d0075b7941f5c3b7153ebeea94d8da89620a,0x124e3ffe31785e7fac39908bad7cc3c21fa10dbd,0x6d0f524fcde637cf2aa6f934cbdbef7bb2bfb2352cebc54be93b4b5a1a1895a8,0xa79f28,1708759859,external,0x,in,ETH,0.39,0x5698eef06670000,base
0x124e3ffe31785e7fac39908bad7cc3c21fa10dbd,0x124e3ffe31785e7fac39908bad7cc3c21fa10dbd,0x4eb7fc78cfa4887587e84783e2498c917cab9fc9,0xa121bcc32697ce5c4988d55893b66420bb7176cf9bf4e46cb91c22e9c1f5799d,0xa7a100,1708760803,external,0x09c182c3,out,ETH,2.25,0x1f399b1438a10000,base
0x1574d5c1a73e35366803624161ed321b828b7b2d,0x3304e22ddaa22bcdc5fca2269b418046ae7b566a,0x1574d5c1a73e35366803624161ed321b828b7b2d,0x03300fa76dd73f39a7d606b114144a35885bbb6b5631cbd88c3c52ea28d2c23f,0x9d6f1e,1707424543,external,0x,in,ETH,0.41133744,0x5b55d38ea04c000,base
0x1574d5c1a73e35366803624161ed321b828b7b2d,0x1574d5c1a73e35366803624161ed321b828b7b2d,0x2626664c2603336e57b271c5c0b26f421741e481,0x09dfea6d9e45358e04dfb51411ab1233f94a23780f0c7d1debbc71937fc9ea2a,0x9d70ad,1707425341,external,0x04e45aaf,out,ETH,0.0001,0x5af3107a4000,base
0x1574d5c1a73e35366803624161ed321b828b7b2d,0x1574d5c1a73e35366803624161ed321b828b7b2d,0xec8b0f7ffe3ae75d7ffab09429e3675bb63503e4,0x3627689ba8fce141347f443dcfa730a089458102247d76b2a8416969347f3625,0x9ebb61,1707594661,external,0x3593564c,out,ETH,0.0001,0x5af3107a4000,base
0x1574d5c1a73e35366803624161ed321b828b7b2d,0x1574d5c1a73e35366803624161ed321b828b7b2d,0x523c83e24a137aa8d943ac7660556f9138182aae,0x0a373912ec0fd8734aa268ad9c893b9685dc35e23f9be5eea61db51822ce94e7,0x9f5db0,1707677763,external,0x09c182c3,out,ETH,0.1,0x16345785d8a0000,base
0x1574d5c1a73e35366803624161ed321b828b7b2d,0x1574d5c1a73e35366803624161ed321b828b7b2d,0x523c83e24a137aa8d943ac7660556f9138182aae,0xe5faec94a3b0b12384d69067a4baf9eb56a015b6cca9722d6814e04722fcd963,0x9f6e12,1707686151,external,0x09c182c3,out,ETH,0.1,0x16345785d8a0000,base
0x1574d5c1a73e35366803624161ed321b828b7b2d,0x1574d5c1a73e35366803624161ed321b828b7b2d,0x523c83e24a137aa8d943ac7660556f9138182aae,0xf69de81953841587a1090392e7830abcc45726284a8e6fa840eb859f334135b0,0x9f6eea,1707686583,external,0x09c182c3,out,ETH,0.1,0x16345785d8a0000,base
0x1574d5c1a73e35366803624161ed321b828b7b2d,0x404e927b203375779a6abd52a2049ce0adf6609b,0x1574d5c1a73e35366803624161ed321b828b7b2d,0x83378f6c47f31d42f3400c858a53c4abb0b4bd9269738316a09e1f452a406e9d,0xa7c647,1708779889,erc20,0x00404e92,in,BRETT,1319.4643666939996,0x47873f1aafb59ab9bf,base
0xe1535baca9593d4b2d1c9083a616e23f1f1fd514,0xfd92f4e91d54b9ef91cc3f97c011a6af0c2a7eda,0xe1535baca9593d4b2d1c9083a616e23f1f1fd514,0xff800a4d89e5864b9a0aab796719cc296de9e71b71c655a43a541787e17c0268,0xa724f4,1708697291,external,0x,in,ETH,0.05,0xb1a2bc2ec50000,base
0xe1535baca9593d4b2d1c9083a616e23f1f1fd514,0x404e927b203375779a6abd52a2049ce0adf6609b,0xe1535baca9593d4b2d1c9083a616e23f1f1fd514,0x5ce010e9e5b7f4f8cc6e3cb180b4f149505e898f5ce7c7ab6cd29393ebe40107,0xa79c4a,1708758391,erc20,0xfb3bdb41,in,BRETT,87737112.0,0x48930e5f34da00dd600000,base
0x4473dfae0064116588a15c5759d60da0b62a8836,0xfd92f4e91d54b9ef91cc3f97c011a6af0c2a7eda,0x4473dfae0064116588a15c5759d60da0b62a8836,0x78a6c64d07b57d076a5f995f1ef3432aa0ed2fd39e7f3e2439f55fbffbfaea25,0xa73c7b,1708709337,external,0x,in,ETH,0.15,0x214e8348c4f0000,base
0x4473dfae0064116588a15c5759d60da0b62a8836,0x404e927b203375779a6abd52a2049ce0adf6609b,0x4473dfae0064116588a15c5759d60da0b62a8836,0x3bf269e99c94faa580e074cfa4eea39438ad6809bd458972a88a211b85bfeca3,0xa79cee,1708758719,erc20,0xfb3bdb41,in,BRETT,84944900.0,0x4643c8418e57363d900000,base
0x4473dfae0064116588a15c5759d60da0b62a8836,0x404e927b203375779a6abd52a2049ce0adf6609b,0x4473dfae0064116588a15c5759d60da0b62a8836,0x2975a094572c6796ca1bb7a967c813948240c2e0a6102a66e5fb9e35689949d1,0xa79e2d,1708759357,erc20,0x7ff36ab5,in,BRETT,7521942.529126938,0x638d5525261691c04f96f,base
0x4473dfae0064116588a15c5759d60da0b62a8836,0x404e927b203375779a6abd52a2049ce0adf6609b,0x4473dfae0064116588a15c5759d60da0b62a8836,0x91eaeb83d4eaceba8ecedfccd219063a4e2c643b7d66797f785da413632a9159,0xa7a06f,1708760513,erc20,0x7ff36ab5,in,BRETT,1525360.1417759198,0x14301f060c8cd3b79c2b5,base
0x0c1f076f34119d8f184c89b72fb480e6dfc4773f,0xbbe94a5cfcf3c83a399f7d10d4fc94448f034f32,0x0c1f076f34119d8f184c89b72fb480e6dfc4773f,0x61e59520438c9ce0eb5d8cf5d5fabf22cfc87c82979c3efa1921d92507d6d0d2,0xa7971e,1708755743,external,0x,in,ETH,0.5,0x6f05b59d3b20000,base
0x0c1f076f34119d8f184c89b72fb480e6dfc4773f,0x404e927b203375779a6abd52a2049ce0adf6609b,0x0c1f076f34119d8f184c89b72fb480e6dfc4773f,0x2f77f3f5056d2bab2cdfa16a822dd3d901fd4b9a984cbbcc286293cd77536a50,0xa79e11,1708759301,erc20,0x2646478b,in,BRETT,81788377.80454785,0x43a75cd8511ed355c88a82,base
0x389227bbd8f5b888f99565503f2ac93d3b2290a7,0x389227bbd8f5b888f99565503f2ac93d3b2290a7,0x389227bbd8f5b888f99565503f2ac93d3b2290a7,0xb47740ad4cc6e738e0f83783cb314198a71baeaff1385273bc9b24f308136d7c,0xa6f75a,1708673943,external,0x01,out,ETH,0.009,0x1ff973cafa8000,base
0x389227bbd8f5b888f99565503f2ac93d3b2290a7,0x389227bbd8f5b888f99565503f2ac93d3b2290a7,0x6fc913df8d6810f0fd47047f326534499c34b019,0x66eda461e621aa84c9c03d94ddd79a4fb79faa299b11586038a956c40df489dc,0xa6f7a0,1708674083,external,0x,out,ETH,0.008939387498165542,0x1fc25358567525,base
0x389227bbd8f5b888f99565503f2ac93d3b2290a7,0x6fc913df8d6810f0fd47047f326534499c34b019,0x389227bbd8f5b888f99565503f2ac93d3b2290a7,0xacb579d32752b726f26290545ddcf1eb7741504d384bd37360d5e04c7c3c802d,0xa6f901,1708674789,external,0x,in,ETH,0.00068,0x26a74d6728000,base
0x389227bbd8f5b888f99565503f2ac93d3b2290a7,0x6fc913df8d6810f0fd47047f326534499c34b019,0x389227bbd8f5b888f99565503f2ac93d3b2290a7,0xdbf416003c62f9c01239a98ab6afffa9f4d71b46ae77dab3b427da0f0afef0af,0xa6f913,1708674825,external,0x,in,ETH,0.008,0x1c6bf526340000,base
0x389227bbd8f5b888f99565503f2ac93d3b2290a7,0x389227bbd8f5b888f99565503f2ac93d3b2290a7,0x46d9177dc96e8e318b37c65261ef12e213c30055,0xbc3217be1e115a9af1b08355f99c7b8128a517572a03cc50426656dcc55c2f2e,0xa6facd,1708675709,external,0x,out,ETH,0.00858911712748276,0x1e83c1ab515d89,base
0x389227bbd8f5b888f99565503f2ac93d3b2290a7,0x6fc913df8d6810f0fd47047f326534499c34b019,0x389227bbd8f5b888f99565503f2ac93d3b2290a7,0x1ef8b69ab9721ec5d58ab1af171d7108eff5803c79601cf68a34a05ef4d8ecc2,0xa79eda,1708759703,external,0x,in,ETH,0.0001,0x5af3107a4000,base
0x389227bbd8f5b888f99565503f2ac93d3b2290a7,0x389227bbd8f5b888f99565503f2ac93d3b2290a7,0x6fc913df8d6810f0fd47047f326534499c34b019,0x1afbfe4e3914cbee7121ce99990512984fc44d46f568135a0a3ab01488424ca0,0xa7ed19,1708799765,external,0x,out,ETH,0.00061466297925769,0x22f086089055a,base
0x6d3796f653418e89e4981085038e0face1d9fadd,0xfd92f4e91d54b9ef91cc3f97c011a6af0c2a7eda,0x6d3796f653418e89e4981085038e0face1d9fadd,0xb09b59dd14368344b2647d7138190b6614c60ea43be514798b89377812afcfee,0xa745a9,1708714037,external,0x,in,ETH,0.4,0x58d15e176280000,base
0x6d3796f653418e89e4981085038e0face1d9fadd,0x404e927b203375779a6abd52a2049ce0adf6609b,0x6d3796f653418e89e4981085038e0face1d9fadd,0x050fb9dbeeee205b2b1c56523cbd4b438ae4f82c7e8939302dd9fbdb8365bb8c,0xa79ec5,1708759661,erc20,0x7ff36ab5,in,BRETT,12099950.531442665,0xa0243a1f5dda186165038,base
0x6d3796f653418e89e4981085038e0face1d9fadd,0x404e927b203375779a6abd52a2049ce0adf6609b,0x6d3796f653418e89e4981085038e0face1d9fadd,0xc974203f65c1449e76c91ce4495aab8029b5ffddb76e1c878022f0f9832dea16,0xa79ffc,1708760283,erc20,0x7ff36ab5,in,BRETT,10308037.211328892,0x886cfd12245d14983d6f4,base
0x0806fcc3b9ff04425159c13a4215b21469a084f5,0xfd92f4e91d54b9ef91cc3f97c011a6af0c2a7eda,0x0806fcc3b9ff04425159c13a4215b21469a084f5,0xd582741011f07adadea8592ea355ee2defe468dc1b8fe3147abc87c71fd4da3d,0xa73438,1708705107,external,0x,in,ETH,0.05,0xb1a2bc2ec50000,base
0x0806fcc3b9ff04425159c13a4215b21469a084f5,0x404e927b203375779a6abd52a2049ce0adf6609b,0x0806fcc3b9ff04425159c13a4215b21469a084f5,0xe51b13f677fc3abd869f0bebd110703a70fda5000d81b82a8e2054c7fa2c2677,0xa79c5c,1708758427,erc20,0x7ff36ab5,in,BRETT,22356074.790932957,0x127e153e2a08d94fa1af46,base
0xf726a54d9e3fff9dfa5837a891d24a4d3f5f723c,0xfd92f4e91d54b9ef91cc3f97c011a6af0c2a7eda,0xf726a54d9e3fff9dfa5837a891d24a4d3f5f723c,0x83c4958f20102a790805b6382a30b63794669c3f475a7a7cc75fae213b72bcce,0xa742e3,1708712617,external,0x,in,ETH,0.15,0x214e8348c4f0000,base
0xf726a54d9e3fff9dfa5837a891d24a4d3f5f723c,0x404e927b203375779a6abd52a2049ce0adf6609b,0xf726a54d9e3fff9dfa5837a891d24a4d3f5f723c,0xa213f1d3cf2d3e7051925ca1b045cb32bf2646eee33bf4ab0249b7ca98db0ca8,0xa79cfa,1708758743,erc20,0xfb3bdb41,in,BRETT,72996013.0,0x3c6181cb3affcaee940000,base
0xf726a54d9e3fff9dfa5837a891d24a4d3f5f723c,0x404e927b203375779a6abd52a2049ce0adf6609b,0xf726a54d9e3fff9dfa5837a891d24a4d3f5f723c,0xdefe3b8a68aa47cf0533cda7377878fde03bfa087f0c332275bcc88a137e364a,0xa79e5b,1708759449,erc20,0x7ff36ab5,in,BRETT,6755086.558998503,0x59671f9e3a2a8e1186a7a,base
0xf726a54d9e3fff9dfa5837a891d24a4d3f5f723c,0x404e927b203375779a6abd52a2049ce0adf6609b,0xf726a54d9e3fff9dfa5837a891d24a4d3f5f723c,0x8bfa9552fa76c81925f81251afbcc00c0da1c83453be9f1d11b1244fef62fca6,0xa7a09d,1708760605,erc20,0x7ff36ab5,in,BRETT,1288645.6024937478,0x110e19e3b1b0be9bbf4d3,base
0xbe3fa8b2b8f20871660e644d7e8fba99bbba6c1b,0xbe3fa8b2b8f20871660e644d7e8fba99bbba6c1b,0xbe3fa8b2b8f20871660e644d7e8fba99bbba6c1b,0x4a359d32baf6fbe0b63b9662e9741b577a319d379b8191aab03c7fe2bc1b4538,0x9cfb87,1707365361,external,0x01,out,ETH,0.942548,0xd149a6983c14000,base
0xb331aa229758e0686b501689c36a37f32b174d1a,0xb331aa229758e0686b501689c36a37f32b174d1a,0xb331aa229758e0686b501689c36a37f32b174d1a,0x603254bd0309e924f178221e2bd5adc2481edf9432420ca3e0c0228a9a43a92d,0xa06a5d,1707815325,external,0x01,out,ETH,10.0,0x8ac7230489e80000,base
0xb331aa229758e0686b501689c36a37f32b174d1a,0xe785155241757923ace3e4b84a80a1a71e0a1d44,0xb331aa229758e0686b501689c36a37f32b174d1a,0xbdb6b00907b0fbb294f30411b03d11b5931e0457039d14a7f3b85792b64f054f,0xa071d8,1707819155,external,0x,in,ETH,10.1,0x8c2a687ce7720000,base
0x1f72007138690934cde217c95c550a8bcb13cccf,0xfd92f4e91d54b9ef91cc3f97c011a6af0c2a7eda,0x1f72007138690934cde217c95c550a8bcb13cccf,0x8b4fd1592bea99754bf1e6c6bb3e63c7d4cefb0e9a81f9229b0cc9945873a99e,0xa7366a,1708706231,external,0x,in,ETH,0.1,0x16345785d8a0000,base
0x1f72007138690934cde217c95c550a8bcb13cccf,0x404e927b203375779a6abd52a2049ce0adf6609b,0x1f72007138690934cde217c95c550a8bcb13cccf,0xf5644455825b7a96c735b230c8acb7bfd588158bab945ff21d15876b9df65fe6,0xa79cb7,1708758609,erc20,0xfb3bdb41,in,BRETT,89338560.0,0x49e62d0abc56db13000000,base
0x0000000000000000000000000000000000000000,0x0000000000000000000000000000000000000000,0x532f27101965dd16442e59d40670faf5ebb142e4,0x9c18c50988784c501e7ff16e913f2ba5c6b6e504ed6d7d63914326368a278b50,0xa79a1a,1708757271,erc20,0x60a06040,out,BRETT,8500000000.0,0x1b7709034e6c4205b4000000,base
0x39f0ce00b9116619edea8e22e545f15fb7f2ffbd,0x2f66ace812532a9508520ebec6afd08c32338022,0x39f0ce00b9116619edea8e22e545f15fb7f2ffbd,0x5b1983f699fed91de55d0de71f3146cb4f38ed969012d67b565f6abbb1921bea,0xa7f2ff,1708802785,erc20,0xa9059cbb,in,BRETT,10000000.0,0x84595161401484a000000,base
0x39f0ce00b9116619edea8e22e545f15fb7f2ffbd,0xbaed383ede0e5d9d72430661f3285daa77e9439f,0x39f0ce00b9116619edea8e22e545f15fb7f2ffbd,0xb2becf6b1adb159d7062fa315f26488f9a4f1383e5479c2575df277aee899dab,0xa803a6,1708811311,external,0x,in,ETH,0.17162,0x261b77b105a4000,base
0x39f0ce00b9116619edea8e22e545f15fb7f2ffbd,0x11ddd59c33c73c44733b4123a86ea5ce57f6e854,0x39f0ce00b9116619edea8e22e545f15fb7f2ffbd,0x074fb73fa537abdf0ad1445ef8d75959638b8ec26b5af7400b9f5c2ebab069be,0xa809e4,1708814507,erc20,0xe21fd0e9,in,BRETT,2171727.6475538844,0x1cbe19778180b16c17b01,base
0x5c69aef59d7cc892c5e47764ef4024dfd52c3b6c,0xfd92f4e91d54b9ef91cc3f97c011a6af0c2a7eda,0x5c69aef59d7cc892c5e47764ef4024dfd52c3b6c,0x2c1862f1af8d7fb0044910edec93b6deb7aaeecb9f5a39648e72e125af247efe,0xa73640,1708706147,external,0x,in,ETH,0.1,0x16345785d8a0000,base
0x5c69aef59d7cc892c5e47764ef4024dfd52c3b6c,0x404e927b203375779a6abd52a2049ce0adf6609b,0x5c69aef59d7cc892c5e47764ef4024dfd52c3b6c,0xf0a9e70a17b4ffb6b9f05bc028f6891555acadbf3e674815c43c636c890f28dc,0xa79c7b,1708758489,erc20,0xfb3bdb41,in,BRETT,50000000.0,0x295be96e64066972000000,base
0xb5f79e70759ca3734c2b3ebbdf9458831c0bb601,0xfd92f4e91d54b9ef91cc3f97c011a6af0c2a7eda,0xb5f79e70759ca3734c2b3ebbdf9458831c0bb601,0x76cd1fb16ffa49f6ad99d20126944ba1b1937a9d003c1dae8d9c79a06c3a2954,0xa724a5,1708697133,external,0x,in,ETH,0.05,0xb1a2bc2ec50000,base
0xb5f79e70759ca3734c2b3ebbdf9458831c0bb601,0x404e927b203375779a6abd52a2049ce0adf6609b,0xb5f79e70759ca3734c2b3ebbdf9458831c0bb601,0x9599407bf18c4919329fdc21582420a334bde10c284083c32f2c0462bf6bb99e,0xa79c45,1708758381,erc20,0xfb3bdb41,in,BRETT,100000000.0,0x52b7d2dcc80cd2e4000000,base
0x309f1bc8a6318ac0963beac32de02abcf264a3a2,0xfd92f4e91d54b9ef91cc3f97c011a6af0c2a7eda,0x309f1bc8a6318ac0963beac32de02abcf264a3a2,0x82de126686395c69a8d53b117e60adc261ea6fe498e6361c96b2fba4e0e8fe65,0xa724de,1708697247,external,0x,in,ETH,0.05,0xb1a2bc2ec50000,base
0x309f1bc8a6318ac0963beac32de02abcf264a3a2,0x404e927b203375779a6abd52a2049ce0adf6609b,0x309f1bc8a6318ac0963beac32de02abcf264a3a2,0xd1890e08b81dec38645e43a232334504a8202df852897d0cd05c308feb9bddf6,0xa79c4b,1708758393,erc20,0xfb3bdb41,in,BRETT,79106058.0,0x416f5bff3c95f6c9e80000,base
0x6969480d52c7a8dd3fdf5b3f9742750f9f229fe1,0xfd92f4e91d54b9ef91cc3f97c011a6af0c2a7eda,0x6969480d52c7a8dd3fdf5b3f9742750f9f229fe1,0xc84457bab98c482fce89f7c01da8adc94e3a027a954a42cc5878e7edd7d9be03,0xa74293,1708712457,external,0x,in,ETH,0.15,0x214e8348c4f0000,base
0x6969480d52c7a8dd3fdf5b3f9742750f9f229fe1,0x404e927b203375779a6abd52a2049ce0adf6609b,0x6969480d52c7a8dd3fdf5b3f9742750f9f229fe1,0x4fba9775feb40355f45891e025c0bbb6b0fb88935b2bad593c266c28e3999780,0xa79ca5,1708758573,erc20,0x7ff36ab5,in,BRETT,114031450.5824628,0x5e53195299c769009b656e,base
0x6969480d52c7a8dd3fdf5b3f9742750f9f229fe1,0x404e927b203375779a6abd52a2049ce0adf6609b,0x6969480d52c7a8dd3fdf5b3f9742750f9f229fe1,0x794358919610aa82cd769dce60156c1daf12922eae7ec51f1912e37bd1a2be0c,0xa79e4a,1708759415,erc20,0x7ff36ab5,in,BRETT,7982204.584806182,0x69a4c2d776ccca5cbaf07,base
0x6969480d52c7a8dd3fdf5b3f9742750f9f229fe1,0x404e927b203375779a6abd52a2049ce0adf6609b,0x6969480d52c7a8dd3fdf5b3f9742750f9f229fe1,0x5a5eb817d128b9a9037a023276d7cd9f7c66a2d867944aacd61681de2f88b562,0xa7a08c,1708760571,erc20,0x7ff36ab5,in,BRETT,1735087.8847412062,0x16f6b4d7e0a86305e849c,base
0x21bca832ce1e3dff27f163f4e714f3b4cf6adfe8,0xfd92f4e91d54b9ef91cc3f97c011a6af0c2a7eda,0x21bca832ce1e3dff27f163f4e714f3b4cf6adfe8,0x8d58395f9a7f39bb553cd46f134ca37378e7e441f697dbc4d542a20ec06d7ba7,0xa7434c,1708712827,external,0x,in,ETH,0.2,0x2c68af0bb140000,base
0x21bca832ce1e3dff27f163f4e714f3b4cf6adfe8,0x404e927b203375779a6abd52a2049ce0adf6609b,0x21bca832ce1e3dff27f163f4e714f3b4cf6adfe8,0xdeddbf14f3d6fb62fd4e4e0c0dc9210076e0929ac45e679e43aa232486f64de2,0xa79cc4,1708758635,erc20,0xfb3bdb41,in,BRETT,100000000.0,0x52b7d2dcc80cd2e4000000,base
0x21bca832ce1e3dff27f163f4e714f3b4cf6adfe8,0x404e927b203375779a6abd52a2049ce0adf6609b,0x21bca832ce1e3dff27f163f4e714f3b4cf6adfe8,0xe33975fe094ac696d79cdc4627863fb085972212c8a3ea17d4c548369acee90c,0xa79e68,1708759475,erc20,0x7ff36ab5,in,BRETT,10674975.588615164,0x8d483961288d65e5bb12d,base
0x21bca832ce1e3dff27f163f4e714f3b4cf6adfe8,0x404e927b203375779a6abd52a2049ce0adf6609b,0x21bca832ce1e3dff27f163f4e714f3b4cf6adfe8,0x2050b04ce6aa46ef9ee09137137f4f3c70cc48c3119d2f2b0a4bbf1ac9111035,0xa7a032,1708760391,erc20,0x7ff36ab5,in,BRETT,2441550.879750695,0x20504bd07fa49f7a51181,base
0x375ea660373fac749e03cff731ed380a10ea4bb2,0xfd92f4e91d54b9ef91cc3f97c011a6af0c2a7eda,0x375ea660373fac749e03cff731ed380a10ea4bb2,0x1b9dde2ea80ad94fc7df3d1324bda4116bfb1235f2914e1b875d09c42a6b9ade,0xa73471,1708705221,external,0x,in,ETH,0.05,0xb1a2bc2ec50000,base
0x375ea660373fac749e03cff731ed380a10ea4bb2,0x404e927b203375779a6abd52a2049ce0adf6609b,0x375ea660373fac749e03cff731ed380a10ea4bb2,0xdaab94ef2f861a1538eae0feced515c3ccc2f7f2cfab637c8a4bed1673405571,0xa79c61,1708758437,erc20,0xfb3bdb41,in,BRETT,100000000.0,0x52b7d2dcc80cd2e4000000,base
0x5b6eace4229dd1dde6c3b7ac2a8372fa9be5ea87,0xfd92f4e91d54b9ef91cc3f97c011a6af0c2a7eda,0x5b6eace4229dd1dde6c3b7ac2a8372fa9be5ea87,0x4bd7ce4d835c9e4212e5c0bc0a0e7d288846538055b461d12e6033ea0572312f,0xa7371a,1708706583,external,0x,in,ETH,0.1,0x16345785d8a0000,base
0x5b6eace4229dd1dde6c3b7ac2a8372fa9be5ea87,0x404e927b203375779a6abd52a2049ce0adf6609b,0x5b6eace4229dd1dde6c3b7ac2a8372fa9be5ea87,0x5f6fe4b1497d55c2313807340cf49a0c4fff25c85a1178d98e7fc6a738c609f8,0xa79cc4,1708758635,erc20,0x7ff36ab5,in,BRETT,49787746.116206,0x292ef72007b10a28dfd5c7,base
0x5b6eace4229dd1dde6c3b7ac2a8372fa9be5ea87,0x404e927b203375779a6abd52a2049ce0adf6609b,0x5b6eace4229dd1dde6c3b7ac2a8372fa9be5ea87,0x144f32f8076a808e646e1400341d466e5d242ee32d2ced64f981e993d029891c,0xa7a0bb,1708760665,erc20,0x7ff36ab5,in,BRETT,2260344.6229225807,0x1dea5870ca903bc9ba188,base
0x0d5e00266ac965cb486e1685156ea37bd61649e5,0xfd92f4e91d54b9ef91cc3f97c011a6af0c2a7eda,0x0d5e00266ac965cb486e1685156ea37bd61649e5,0x4058b8576e30e851fc5f383a8ce4108f407aa4bff5a00bcaaeaf9e8b42b8aeab,0xa73742,1708706663,external,0x,in,ETH,0.1,0x16345785d8a0000,base
0x0d5e00266ac965cb486e1685156ea37bd61649e5,0x404e927b203375779a6abd52a2049ce0adf6609b,0x0d5e00266ac965cb486e1685156ea37bd61649e5,0x88b1296105a22eb8b0e9ea18d46e09ac2d92a77ac56776de2463ec7dfe688384,0xa79c8f,1708758529,erc20,0x7ff36ab5,in,BRETT,45381663.34031973,0x2589f0e633df869f92a823,base
0x0d5e00266ac965cb486e1685156ea37bd61649e5,0x404e927b203375779a6abd52a2049ce0adf6609b,0x0d5e00266ac965cb486e1685156ea37bd61649e5,0x98058ac302fc7456c5069d3b4fa83a1eb078a1b006efa7fe8baa66b0dd04d715,0xa7a0c7,1708760689,erc20,0x7ff36ab5,in,BRETT,2363838.1927553895,0x1f48fecd9df854a755d8c,base
0x0a643f60b068f7f6d68508eee524a027468d31dd,0xfd92f4e91d54b9ef91cc3f97c011a6af0c2a7eda,0x0a643f60b068f7f6d68508eee524a027468d31dd,0x0c94ef31c84d21c0bd8822b6356827933a6128844cf81c61c17cd8186f6284eb,0xa72515,1708697357,external,0x,in,ETH,0.05,0xb1a2bc2ec50000,base
0x0a643f60b068f7f6d68508eee524a027468d31dd,0x404e927b203375779a6abd52a2049ce0adf6609b,0x0a643f60b068f7f6d68508eee524a027468d31dd,0xe5cdf168967850298c7323c7ec04a7177d0cf5f8178fb44a90fb29696010ef69,0xa79c50,1708758403,erc20,0xfb3bdb41,in,BRETT,100000000.0,0x52b7d2dcc80cd2e4000000,base
0x0a643f60b068f7f6d68508eee524a027468d31dd,0x0a643f60b068f7f6d68508eee524a027468d31dd,0x404e927b203375779a6abd52a2049ce0adf6609b,0x6f5dca075ec5c5ad6a91ea14383b7813cf4303638a79633c5adeaf56b6d8ca4a,0xa79c65,1708758445,erc20,0x791ac947,out,BRETT,100000000.0,0x52b7d2dcc80cd2e4000000,base
0x0a643f60b068f7f6d68508eee524a027468d31dd,0x404e927b203375779a6abd52a2049ce0adf6609b,0x0a643f60b068f7f6d68508eee524a027468d31dd,0x3741a404593b7a0b26be2cf54c3f58dbe51087efdafbbfb12d7badf430ef6902,0xa79d72,1708758983,erc20,0x7ff36ab5,in,BRETT,27883185.766667243,0x17107e8779c62ed780f9f8,base
0xbe2b77aa2e86130541febed8521ddac791a018a4,0xfd92f4e91d54b9ef91cc3f97c011a6af0c2a7eda,0xbe2b77aa2e86130541febed8521ddac791a018a4,0xac61406ea284e4dbea73561264278ffaf87277003c7872997cc216f20ba1b15f,0xa742cf,1708712577,external,0x,in,ETH,0.15,0x214e8348c4f0000,base
0xbe2b77aa2e86130541febed8521ddac791a018a4,0x404e927b203375779a6abd52a2049ce0adf6609b,0xbe2b77aa2e86130541febed8521ddac791a018a4,0xdd58214e8db2fd59af7ca0534addbb104af9f1456a648b8383fd2b8b04ccd140,0xa79d12,1708758791,erc20,0xfb3bdb41,in,BRETT,87162506.0,0x481960eb10bb1173e80000,base
0xbe2b77aa2e86130541febed8521ddac791a018a4,0xbe2b77aa2e86130541febed8521ddac791a018a4,0x404e927b203375779a6abd52a2049ce0adf6609b,0xbe1bdfc9d0efc5b0e8f7eef94e76c6d540d6c1c2b71c883f8873679e418cfc0d,0xa79d24,1708758827,erc20,0x791ac947,out,BRETT,87162506.0,0x481960eb10bb1173e80000,base
0xbe2b77aa2e86130541febed8521ddac791a018a4,0x404e927b203375779a6abd52a2049ce0adf6609b,0xbe2b77aa2e86130541febed8521ddac791a018a4,0xb96c739bb916c0cfeff2c38bf0558ba316e76889cfc0ba45bc8fffa51852c076,0xa79e56,1708759439,erc20,0x7ff36ab5,in,BRETT,10528759.747522406,0x8b58d35a7d3b3aaf6f41b,base
0xbe2b77aa2e86130541febed8521ddac791a018a4,0x404e927b203375779a6abd52a2049ce0adf6609b,0xbe2b77aa2e86130541febed8521ddac791a018a4,0xee7ef1f9662b67e1257d14ad52b1b92e43d15d6997c639abb0c2f4d8e5e7cf2a,0xa7a097,1708760593,erc20,0x7ff36ab5,in,BRETT,1949147.8272347318,0x19cbf83f3d234179a19cc,base
0xe6216b6afb96c770f252b2cf704343f35cefbe4e,0xfd92f4e91d54b9ef91cc3f97c011a6af0c2a7eda,0xe6216b6afb96c770f252b2cf704343f35cefbe4e,0xa11e68fb7cd4426fbf05bb774e2a4b4b77a127221fab6e0e51464ec828ced846,0xa74473,1708713417,external,0x,in,ETH,0.4,0x58d15e176280000,base
0xe6216b6afb96c770f252b2cf704343f35cefbe4e,0x404e927b203375779a6abd52a2049ce0adf6609b,0xe6216b6afb96c770f252b2cf704343f35cefbe4e,0x3bf07570e0611ecfe14c37773fc61bbebefd39a36070f0ff86bf64def5b99d25,0xa79d0e,1708758783,erc20,0xfb3bdb41,in,BRETT,84745819.0,0x4619a00dae738e388c0000,base
0xe6216b6afb96c770f252b2cf704343f35cefbe4e,0xe6216b6afb96c770f252b2cf704343f35cefbe4e,0x404e927b203375779a6abd52a2049ce0adf6609b,0x142cf4024703804c4e781557a1a577721bff65ee0a7f2a9e046e894329bef008,0xa79d24,1708758827,erc20,0x791ac947,out,BRETT,84745819.0,0x4619a00dae738e388c0000,base
0xe6216b6afb96c770f252b2cf704343f35cefbe4e,0x404e927b203375779a6abd52a2049ce0adf6609b,0xe6216b6afb96c770f252b2cf704343f35cefbe4e,0x7adf132df1a9f3038827e722918ae428db068758a9291e896477aca64c8bc25f,0xa79ea2,1708759591,erc20,0x7ff36ab5,in,BRETT,16530411.116222475,0xdac7361d8cca835e72fa8,base
0xe6216b6afb96c770f252b2cf704343f35cefbe4e,0x404e927b203375779a6abd52a2049ce0adf6609b,0xe6216b6afb96c770f252b2cf704343f35cefbe4e,0x6a2c2a37bd69d0a85a9ee8fba69c53cf84816a5d67b25428ed120ce9dbad2912,0xa79fda,1708760215,erc20,0x7ff36ab5,in,BRETT,15300944.225091057,0xca819d9370b661cd22760,base
0xe9e768a9ebdbbb599ee92ea820c09fc745934b09,0x3304e22ddaa22bcdc5fca2269b418046ae7b566a,0xe9e768a9ebdbbb599ee92ea820c09fc745934b09,0x40b70270f1e788d6c5401c1c4b2ea496893f7d3f550dc48b357f64ab6d7bceee,0xa6965f,1708624289,external,0x,in,ETH,1.0,0xde0b6b3a7640000,base
0xe9e768a9ebdbbb599ee92ea820c09fc745934b09,0x404e927b203375779a6abd52a2049ce0adf6609b,0xe9e768a9ebdbbb599ee92ea820c09fc745934b09,0x7e57c61a4f2e767f010e03ad4782619a34cb542a929b8e96c4f3eacfb9162c33,0xa79dd8,1708759187,erc20,0x2646478b,in,BRETT,198534463.5364698,0xa4394ed57f55e3f679f101,base
0x973fc894e8046e686502784ad7ca40f48be93c7e,0xfd92f4e91d54b9ef91cc3f97c011a6af0c2a7eda,0x973fc894e8046e686502784ad7ca40f48be93c7e,0xc6eb6e3e3b0b884080ed63740c1734baf98e01b5be38e2eeaf4e572586f5a68b,0xa7243e,1708696927,external,0x,in,ETH,0.05,0xb1a2bc2ec50000,base
0x973fc894e8046e686502784ad7ca40f48be93c7e,0x404e927b203375779a6abd52a2049ce0adf6609b,0x973fc894e8046e686502784ad7ca40f48be93c7e,0xcbce1deac4f75e286a052e8b80029f393823424cabfe3b5796dd0cadd1796661,0xa79bf3,1708758217,erc20,0x7ff36ab5,in,BRETT,33647565.34152553,0x1bd5262c0f2be0823b06d1,base
0x973fc894e8046e686502784ad7ca40f48be93c7e,0x404e927b203375779a6abd52a2049ce0adf6609b,0x973fc894e8046e686502784ad7ca40f48be93c7e,0x2b826c070fa597a97d14316d5200b1ce12374f35ae2f0dbe4ec82b89d9d1d421,0xa79bf8,1708758227,erc20,0x7ff36ab5,in,BRETT,33350212.22320769,0x1b962ea0944a24fde3a31b,base
0x9fa4697fae641986e26d4a0c3961f9b96455c4a7,0xfd92f4e91d54b9ef91cc3f97c011a6af0c2a7eda,0x9fa4697fae641986e26d4a0c3961f9b96455c4a7,0xdc15b778a2957e9c6cdf1f8e4fb7dad2f6487e2fa2dd134787bf2c5929150c31,0xa72452,1708696967,external,0x,in,ETH,0.05,0xb1a2bc2ec50000,base
0x9fa4697fae641986e26d4a0c3961f9b96455c4a7,0x404e927b203375779a6abd52a2049ce0adf6609b,0x9fa4697fae641986e26d4a0c3961f9b96455c4a7,0x2084a303bce1cea9b20c1a54e748cad4d2c8b3b74795aa07617e44026c107a22,0xa79bf8,1708758227,erc20,0xfb3bdb41,in,BRETT,75473728.0,0x3e6e2efe3fab1a85000000,base
0x83926eb6f4c829970e7793b42da3347c784f6cba,0xfd92f4e91d54b9ef91cc3f97c011a6af0c2a7eda,0x83926eb6f4c829970e7793b42da3347c784f6cba,0x6cd2c98dbbb95624840914f79c5067faaae5dd3f02fbbebb21a57626e8864252,0xa73868,1708707251,external,0x,in,ETH,0.1,0x16345785d8a0000,base
0x83926eb6f4c829970e7793b42da3347c784f6cba,0x404e927b203375779a6abd52a2049ce0adf6609b,0x83926eb6f4c829970e7793b42da3347c784f6cba,0x013fe7f1a909f7b8cced75860b13a8c2b7a5952dbb32b0d68a429e36f37fefa9,0xa79ce8,1708758707,erc20,0xfb3bdb41,in,BRETT,100000000.0,0x52b7d2dcc80cd2e4000000,base
0x83926eb6f4c829970e7793b42da3347c784f6cba,0x404e927b203375779a6abd52a2049ce0adf6609b,0x83926eb6f4c829970e7793b42da3347c784f6cba,0x278242e3e40749aeff14f5578fbc26f7c70e159d2f28dd8a27553cc60383fc41,0xa79e09,1708759285,erc20,0x7ff36ab5,in,BRETT,4453824.043430203,0x3af22490210a62e3c1fb0,base
0x79190bb5b76100ec0819cf8649f3ef3a9ac355bc,0xfd92f4e91d54b9ef91cc3f97c011a6af0c2a7eda,0x79190bb5b76100ec0819cf8649f3ef3a9ac355bc,0x49cff05c5865b8865fbc2096ee05eb32e035d0626f608fe4afa1f6cdd2adafcc,0xa74595,1708713997,external,0x,in,ETH,0.4,0x58d15e176280000,base
0x79190bb5b76100ec0819cf8649f3ef3a9ac355bc,0x404e927b203375779a6abd52a2049ce0adf6609b,0x79190bb5b76100ec0819cf8649f3ef3a9ac355bc,0x3b651fded278205d5487d7994656b7a6f520119c00181c61e40104e9f7a9d0a7,0xa79ec0,1708759651,erc20,0x7ff36ab5,in,BRETT,12416102.807720449,0xa4536482a61b9eccfa427,base
0x79190bb5b76100ec0819cf8649f3ef3a9ac355bc,0x404e927b203375779a6abd52a2049ce0adf6609b,0x79190bb5b76100ec0819cf8649f3ef3a9ac355bc,0xdb78511d1275987740824fc4cc2aafbb3234b2ce6e677eff1cdfbaa1d2dedbf3,0xa79ff6,1708760271,erc20,0x7ff36ab5,in,BRETT,10453613.4968808,0x8a5a385ef430f9ae1f188,base
0x77e018bf4b1c1ba9872d43a9d8c95ff8081c402e,0xfd92f4e91d54b9ef91cc3f97c011a6af0c2a7eda,0x77e018bf4b1c1ba9872d43a9d8c95ff8081c402e,0x074ac4606efde2b4025cbe929b15799242fe2e611d61e888a3b89d85b7b32ca0,0xa733e6,1708704943,external,0x,in,ETH,0.05,0xb1a2bc2ec50000,base
0x77e018bf4b1c1ba9872d43a9d8c95ff8081c402e,0x404e927b203375779a6abd52a2049ce0adf6609b,0x77e018bf4b1c1ba9872d43a9d8c95ff8081c402e,0x2e6e53c168da517dc7d5c987b3f212a558ce6427f1771a193c96437929e4b977,0xa79c57,1708758417,erc20,0xfb3bdb41,in,BRETT,79015006.0,0x415c140ee6b422a6b80000,base
0x77e018bf4b1c1ba9872d43a9d8c95ff8081c402e,0x404e927b203375779a6abd52a2049ce0adf6609b,0x77e018bf4b1c1ba9872d43a9d8c95ff8081c402e,0x880c2ec4bb6c63cd9950e9e4cfac56dc36be56f9e8f7385e65f3e0cca6932eac,0xa79da6,1708759087,erc20,0x7ff36ab5,in,BRETT,14616523.73070152,0xc172b56d2934e57814072,base
0xf802ec5a8172c7ca8255d3e23ad5cf0fc9bab93c,0xfd92f4e91d54b9ef91cc3f97c011a6af0c2a7eda,0xf802ec5a8172c7ca8255d3e23ad5cf0fc9bab93c,0xebf14f6b2916c2e1694225cdd34bf6616d05ef43a9dfc1b037c7410f372ff90e,0xa742bb,1708712537,external,0x,in,ETH,0.15,0x214e8348c4f0000,base
0xf802ec5a8172c7ca8255d3e23ad5cf0fc9bab93c,0x404e927b203375779a6abd52a2049ce0adf6609b,0xf802ec5a8172c7ca8255d3e23ad5cf0fc9bab93c,0x0e56f3f4bfc50f2f496d3979613a5184414e4ac645c5d5d6eb708ece2fdf0d61,0xa79cbd,1708758621,erc20,0x7ff36ab5,in,BRETT,175995066.1181765,0x919467a6cf71b3fb6ee91b,base
0xf802ec5a8172c7ca8255d3e23ad5cf0fc9bab93c,0xf802ec5a8172c7ca8255d3e23ad5cf0fc9bab93c,0x404e927b203375779a6abd52a2049ce0adf6609b,0x78d1273bf21546520f577da795a8fe3bd4febb1c413b1571754e427a57d205d4,0xa79cce,1708758655,erc20,0x791ac947,out,BRETT,175995066.1181765,0x919467a6cf71b3fb6ee91b,base
0xf802ec5a8172c7ca8255d3e23ad5cf0fc9bab93c,0x404e927b203375779a6abd52a2049ce0adf6609b,0xf802ec5a8172c7ca8255d3e23ad5cf0fc9bab93c,0xe00ee3113ec98eb72a8e5f8103e358a9fb729b800c7d617d0d9564b0ebf555ff,0xa79e50,1708759427,erc20,0x7ff36ab5,in,BRETT,10039449.616788503,0x84defa77d3166017119a4,base
0xf802ec5a8172c7ca8255d3e23ad5cf0fc9bab93c,0x404e927b203375779a6abd52a2049ce0adf6609b,0xf802ec5a8172c7ca8255d3e23ad5cf0fc9bab93c,0xa6db63d432de3d27d7e0228b8b6260b43c4f03ba33c7d8daae1de1b59d696ca6,0xa7a091,1708760581,erc20,0x7ff36ab5,in,BRETT,2125164.886695243,0x1c2056b5aab304a0ac23e,base
0xdb61978d5df8bc79fa7965c52f45179bec9730ff,0xfd92f4e91d54b9ef91cc3f97c011a6af0c2a7eda,0xdb61978d5df8bc79fa7965c52f45179bec9730ff,0x4430fb944e123510904a6d022403a43aad2eb52c2cee306091b1626a1dade13f,0xa724cf,1708697217,external,0x,in,ETH,0.05,0xb1a2bc2ec50000,base
0xdb61978d5df8bc79fa7965c52f45179bec9730ff,0x404e927b203375779a6abd52a2049ce0adf6609b,0xdb61978d5df8bc79fa7965c52f45179bec9730ff,0xff862d8f3ffcf7e31e4846c3b95c4fe24ed2d96c8102dce7425434886f040e82,0xa79c48,1708758387,erc20,0xfb3bdb41,in,BRETT,71020544.0,0x3abf2f67a0a720c0000000,base
0x8f0e6aeafec12d4485b4e712662097261079f662,0x8f0e6aeafec12d4485b4e712662097261079f662,0x6131b5fae19ea4f9d964eac0408e4408b66337b5,0xe0c9a8a061c906036dd4ba160bb39ea7a6faa9610e81f26d534103c73e43e76f,0xa6fca2,1708676647,external,0xe21fd0e9,out,ETH,0.02,0x470de4df820000,base
0x8f0e6aeafec12d4485b4e712662097261079f662,0x8f0e6aeafec12d4485b4e712662097261079f662,0x6131b5fae19ea4f9d964eac0408e4408b66337b5,0xdb8cdec0de7735cad9fea567603a02290c8db69ed60f93854ad12f7abee4b177,0xa6fcf4,1708676811,external,0xe21fd0e9,out,ETH,0.04,0x8e1bc9bf040000,base
0x8f0e6aeafec12d4485b4e712662097261079f662,0x8f0e6aeafec12d4485b4e712662097261079f662,0x01b363546b7b49447734bc28e5f1d6b79383365e,0x6ee08b49bd5de0365db6ae7efe47b46c6ac30ed275c0c7fb785c96abf1c8875f,0xa76589,1708730357,external,0x,out,ETH,0.0137,0x30ac13d16c4000,base
0x8f0e6aeafec12d4485b4e712662097261079f662,0x04a9d53236ac03a95ba93dff306b12011967a846,0x8f0e6aeafec12d4485b4e712662097261079f662,0xfeafcf04f52bc50eb8a5b2d93ff90f1ad56de627fdb3b029420175243f91f8c4,0xa7b7a8,1708772403,erc20,0xa9059cbb,in,BRETT,10000000.0,0x84595161401484a000000,base
0x8f0e6aeafec12d4485b4e712662097261079f662,0x1bc5cf80f308518f000dde4c8f8139268aa014db,0x8f0e6aeafec12d4485b4e712662097261079f662,0x2c7e9721dbe201d8f5d7277d70563cb2ecd57c6a517ad7ad9afc35fc4797ceed,0xa7b96b,1708773305,erc20,0xe21fd0e9,in,BRETT,392528.71468656446,0x531f0635fd2af3add255,base
0x8f0e6aeafec12d4485b4e712662097261079f662,0x8f0e6aeafec12d4485b4e712662097261079f662,0x404e927b203375779a6abd52a2049ce0adf6609b,0x0eb05b72b0a3846114ed7c759738e9afe9880e09922823490f7e10afb282af89,0xa7d54d,1708787581,erc20,0x8af033fb,out,BRETT,2598132.178671641,0x2262d07127f9cc0000000,base
0x905e254dcd1e03317bf5388793c7cb178aca9f75,0xbaed383ede0e5d9d72430661f3285daa77e9439f,0x905e254dcd1e03317bf5388793c7cb178aca9f75,0x25e56772df394b5d62963b953f71b93ef8b2009ab29c61c3ffd51f00d4891a70,0xa6184e,1708559743,external,0x,in,ETH,0.15223,0x21cd460e2286000,base
0x905e254dcd1e03317bf5388793c7cb178aca9f75,0x2f66ace812532a9508520ebec6afd08c32338022,0x905e254dcd1e03317bf5388793c7cb178aca9f75,0x400d3379affe6b09c25db356c4607998f10f8b056f1853c3cfcd4e79f489acfb,0xa7f28d,1708802557,erc20,0xa9059cbb,in,BRETT,20000000.0,0x108b2a2c28029094000000,base
0x820d53c86dbe7fa68e0e416ea27667fc3f4e0cea,0xfd92f4e91d54b9ef91cc3f97c011a6af0c2a7eda,0x820d53c86dbe7fa68e0e416ea27667fc3f4e0cea,0x90886285970dbee3e17d2d31a343647166d4eeacf09839a602128f7d9f6b22c1,0xa743a1,1708712997,external,0x,in,ETH,0.2,0x2c68af0bb140000,base
0x820d53c86dbe7fa68e0e416ea27667fc3f4e0cea,0x404e927b203375779a6abd52a2049ce0adf6609b,0x820d53c86dbe7fa68e0e416ea27667fc3f4e0cea,0x6f35825788ebdd01ae59cd474bde919ad35ff3a9bf15b6a35a0cf7fb20e10a32,0xa79cb2,1708758599,erc20,0xfb3bdb41,in,BRETT,100000000.0,0x52b7d2dcc80cd2e4000000,base
0x820d53c86dbe7fa68e0e416ea27667fc3f4e0cea,0x404e927b203375779a6abd52a2049ce0adf6609b,0x820d53c86dbe7fa68e0e416ea27667fc3f4e0cea,0xd6ee08548b9658cda4f2b7ef8a83b0a48c5d8fcd93c90a7ff34aac5cb2ecff52,0xa79e7a,1708759511,erc20,0x7ff36ab5,in,BRETT,9545303.658181617,0x7e54bf2bab9ee311b3147,base
0x820d53c86dbe7fa68e0e416ea27667fc3f4e0cea,0x404e927b203375779a6abd52a2049ce0adf6609b,0x820d53c86dbe7fa68e0e416ea27667fc3f4e0cea,0x0d36ca9f94f9c4e381e6eb8a0a1e018d37c5cdc23fc146d0f45877b87cc06d15,0xa7a043,1708760425,erc20,0x7ff36ab5,in,BRETT,2824993.6511356058,0x256373672e9fe45e4e902,base
0x37de3e915528e533135a806bea22a11331e229ae,0xfd92f4e91d54b9ef91cc3f97c011a6af0c2a7eda,0x37de3e915528e533135a806bea22a11331e229ae,0x71638d43c2e4ea1729a1ee529967f2cfac71a4d69bc04a5745bbbca1b8f2ea9b,0xa736ab,1708706361,external,0x,in,ETH,0.1,0x16345785d8a0000,base
0x37de3e915528e533135a806bea22a11331e229ae,0x404e927b203375779a6abd52a2049ce0adf6609b,0x37de3e915528e533135a806bea22a11331e229ae,0x266f474b85980e383ce75ddbe59714afe921112f43f8481e735a503e7ec4732c,0xa79c90,1708758531,erc20,0x7ff36ab5,in,BRETT,88383201.2441089,0x491bdef0a41f872ae05d0d,base
0x6fc913df8d6810f0fd47047f326534499c34b019,0x389227bbd8f5b888f99565503f2ac93d3b2290a7,0x6fc913df8d6810f0fd47047f326534499c34b019,0x66eda461e621aa84c9c03d94ddd79a4fb79faa299b11586038a956c40df489dc,0xa6f7a0,1708674083,external,0x,in,ETH,0.008939387498165542,0x1fc25358567525,base
0x6fc913df8d6810f0fd47047f326534499c34b019,0x6fc913df8d6810f0fd47047f326534499c34b019,0x389227bbd8f5b888f99565503f2ac93d3b2290a7,0xacb579d32752b726f26290545ddcf1eb7741504d384bd37360d5e04c7c3c802d,0xa6f901,1708674789,external,0x,out,ETH,0.00068,0x26a74d6728000,base
0x6fc913df8d6810f0fd47047f326534499c34b019,0x6fc913df8d6810f0fd47047f326534499c34b019,0x389227bbd8f5b888f99565503f2ac93d3b2290a7,0xdbf416003c62f9c01239a98ab6afffa9f4d71b46ae77dab3b427da0f0afef0af,0xa6f913,1708674825,external,0x,out,ETH,0.008,0x1c6bf526340000,base
0x6fc913df8d6810f0fd47047f326534499c34b019,0x6fc913df8d6810f0fd47047f326534499c34b019,0x389227bbd8f5b888f99565503f2ac93d3b2290a7,0x1ef8b69ab9721ec5d58ab1af171d7108eff5803c79601cf68a34a05ef4d8ecc2,0xa79eda,1708759703,external,0x,out,ETH,0.0001,0x5af3107a4000,base
0x6fc913df8d6810f0fd47047f326534499c34b019,0x04a9d53236ac03a95ba93dff306b12011967a846,0x6fc913df8d6810f0fd47047f326534499c34b019,0x6982247b6796a9d94e99daf513a19990e7691d47b993c85f0d2987a95fb003ca,0xa7e1cc,1708793979,erc20,0xa9059cbb,in,BRETT,10000000.0,0x84595161401484a000000,base
0x6fc913df8d6810f0fd47047f326534499c34b019,0x389227bbd8f5b888f99565503f2ac93d3b2290a7,0x6fc913df8d6810f0fd47047f326534499c34b019,0x1afbfe4e3914cbee7121ce99990512984fc44d46f568135a0a3ab01488424ca0,0xa7ed19,1708799765,external,0x,in,ETH,0.00061466297925769,0x22f086089055a,base
0x6fc913df8d6810f0fd47047f326534499c34b019,0x6fc913df8d6810f0fd47047f326534499c34b019,0x404e927b203375779a6abd52a2049ce0adf6609b,0xe093a7e71de045fc531847c5b6fd8b4dbe029d6f30b2fcb320759f99e933b9be,0xa7ed49,1708799861,erc20,0x2646478b,out,BRETT,1000000.0,0xd3c21bcecceda1000000,base
0xd5f509aa81b033f1a61b2d2ed8c74b4756fb36b1,0xbaed383ede0e5d9d72430661f3285daa77e9439f,0xd5f509aa81b033f1a61b2d2ed8c74b4756fb36b1,0x8c49dd7a6d15e8f7076d990d88486613d56bfebb5acb05d48e6bad1867e6569f,0xa54197,1708449809,external,0x,in,ETH,0.32893,0x49098179df82000,base
0xd5f509aa81b033f1a61b2d2ed8c74b4756fb36b1,0xd5f509aa81b033f1a61b2d2ed8c74b4756fb36b1,0x9d3b721e6fccc4f5de0d3bab42a0b7435dd78d9b,0xc402197a887aa8001228b5293e49e3dd6cd49e93469f026f79cc705783901de7,0xa56bc6,1708471407,external,0x,out,ETH,0.03,0x6a94d74f430000,base
0xd5f509aa81b033f1a61b2d2ed8c74b4756fb36b1,0xd5f509aa81b033f1a61b2d2ed8c74b4756fb36b1,0xd5f509aa81b033f1a61b2d2ed8c74b4756fb36b1,0xd299809e8b91f4781966e78900aa90e9b9ada434de8b1f810ceb1cbec1b51ca9,0xa58b62,1708487591,external,0x,out,ETH,0.01,0x2386f26fc10000,base
0xd5f509aa81b033f1a61b2d2ed8c74b4756fb36b1,0xd5f509aa81b033f1a61b2d2ed8c74b4756fb36b1,0x9d3b721e6fccc4f5de0d3bab42a0b7435dd78d9b,0x4226d9a6e0ddbbeec9c4c03c24424ae1a3f0aa62b97edf92b9b52b30e207fe33,0xa58be6,1708487855,external,0x,out,ETH,0.01,0x2386f26fc10000,base
0xd5f509aa81b033f1a61b2d2ed8c74b4756fb36b1,0x1b1d2149d656f8ca33fb633e6f642b5a2426b53d,0xd5f509aa81b033f1a61b2d2ed8c74b4756fb36b1,0xa9ab58655aaa03a1613fa0d7465a216abfeaa5488f9ffc23713fd644b3623b2c,0xa6cd5f,1708652449,external,0x,in,ETH,0.24211862,0x35c2d9a229b9800,base
0x4f7828bf49685c416d2f1523684ca1d96391e8de,0xfd92f4e91d54b9ef91cc3f97c011a6af0c2a7eda,0x4f7828bf49685c416d2f1523684ca1d96391e8de,0x800f1050b7a36a73e852d0e681b2604dd434ba2ae86ed4020a7579f2eae0114e,0xa7372d,1708706621,external,0x,in,ETH,0.1,0x16345785d8a0000,base
0x4f7828bf49685c416d2f1523684ca1d96391e8de,0x404e927b203375779a6abd52a2049ce0adf6609b,0x4f7828bf49685c416d2f1523684ca1d96391e8de,0x162b51d73b60195874041a6fb3860acf3d3ffdc7c3e1322ba5fb89f46a7d579b,0xa79cdb,1708758681,erc20,0x7ff36ab5,in,BRETT,35970539.33908866,0x1dc10ed847cfd2ebe73409,base
0x4f7828bf49685c416d2f1523684ca1d96391e8de,0x404e927b203375779a6abd52a2049ce0adf6609b,0x4f7828bf49685c416d2f1523684ca1d96391e8de,0xac4d9f9b40267a0e1fe3634ce5f2328b90231c31d0ae160d14582c4b7744a8cd,0xa7a0c1,1708760677,erc20,0x7ff36ab5,in,BRETT,2101059.510423944,0x1bceaaa0ea83304aabb95,base
0xa0103a5e0011ca39308131708bdb65f522e760cb,0xb331aa229758e0686b501689c36a37f32b174d1a,0xa0103a5e0011ca39308131708bdb65f522e760cb,0xf11ffebfe0716886de072b4ec60c950d76e2f2a5b81c36da15b2cc2e9c576a8d,0x9ec9fa,1707602135,external,0x,in,ETH,1.0,0xde0b6b3a7640000,base
0xa0103a5e0011ca39308131708bdb65f522e760cb,0xa0103a5e0011ca39308131708bdb65f522e760cb,0x523c83e24a137aa8d943ac7660556f9138182aae,0x4c6f83115151ae733fd6892a43dd187367b48f0d9dda42d9c73cce76bfccbe57,0x9ecae5,1707602605,external,0x09c182c3,out,ETH,0.1,0x16345785d8a0000,base
0xa0103a5e0011ca39308131708bdb65f522e760cb,0xa0103a5e0011ca39308131708bdb65f522e760cb,0x523c83e24a137aa8d943ac7660556f9138182aae,0x2966057ae245831d468522b5e9b39725809002dcb79cf52a9d1e904dce77c1de,0x9ecb74,1707602891,external,0x09c182c3,out,ETH,0.1,0x16345785d8a0000,base
0xa0103a5e0011ca39308131708bdb65f522e760cb,0xa0103a5e0011ca39308131708bdb65f522e760cb,0x523c83e24a137aa8d943ac7660556f9138182aae,0x938a8761d200509b46aede60fbf69cd31dc6080bc707af03b2939e1e7f824c8b,0x9ecd23,1707603753,external,0x09c182c3,out,ETH,0.1,0x16345785d8a0000,base
0xa0103a5e0011ca39308131708bdb65f522e760cb,0xa0103a5e0011ca39308131708bdb65f522e760cb,0x523c83e24a137aa8d943ac7660556f9138182aae,0x1c788281b330ef49256e881bfa413e5ea7c3a86aa20eaa2ba9803f370ab87e9a,0x9f6e11,1707686149,external,0x09c182c3,out,ETH,0.2,0x2c68af0bb140000,base
0xa0103a5e0011ca39308131708bdb65f522e760cb,0xa0103a5e0011ca39308131708bdb65f522e760cb,0x523c83e24a137aa8d943ac7660556f9138182aae,0x20db1c24ce5de9a0cd9cf80e03704c87733628312721f08ff2cf667b182b7c35,0x9ff2a3,1707754025,external,0x09c182c3,out,ETH,0.2,0x2c68af0bb140000,base
0xa0103a5e0011ca39308131708bdb65f522e760cb,0xb331aa229758e0686b501689c36a37f32b174d1a,0xa0103a5e0011ca39308131708bdb65f522e760cb,0x7702a20e77fac96dc2fb08425c2dfbe926f915879393665a2fa5155731cd4aab,0xa06aa1,1707815461,external,0x,in,ETH,1.6,0x16345785d8a00000,base
0xa0103a5e0011ca39308131708bdb65f522e760cb,0x404e927b203375779a6abd52a2049ce0adf6609b,0xa0103a5e0011ca39308131708bdb65f522e760cb,0xde589562cf52e24822c0a6eba673a001c04846239c6b8564ce77c3d0d0f0bad5,0xa7a100,1708760803,erc20,0x09c182c3,in,BRETT,11634780.700368421,0x99fc2b9c00aff981d9e45,base
0x075120d076dd8e47067633887b91510b4a1444f5,0xfd92f4e91d54b9ef91cc3f97c011a6af0c2a7eda,0x075120d076dd8e47067633887b91510b4a1444f5,0x71885f3a4dd68917426272e096a6738ba07d61a32d6c4faa802b48992101d3de,0xa7358e,1708705791,external,0x,in,ETH,0.1,0x16345785d8a0000,base
0x075120d076dd8e47067633887b91510b4a1444f5,0x404e927b203375779a6abd52a2049ce0adf6609b,0x075120d076dd8e47067633887b91510b4a1444f5,0x65f31441507ebd04330af6e3a464abeca40ead1c9b50397874692870ac6108d8,0xa79c74,1708758475,erc20,0xfb3bdb41,in,BRETT,50000000.0,0x295be96e64066972000000,base
0x3f59dde6002b18163262e0ef593e67c7ecd754f7,0xfd92f4e91d54b9ef91cc3f97c011a6af0c2a7eda,0x3f59dde6002b18163262e0ef593e67c7ecd754f7,0x105e70c3dad981c04258d9be879e97d3742fea908cc7f7af06572a7309aa2417,0xa723da,1708696727,external,0x,in,ETH,0.05,0xb1a2bc2ec50000,base
0x3f59dde6002b18163262e0ef593e67c7ecd754f7,0x404e927b203375779a6abd52a2049ce0adf6609b,0x3f59dde6002b18163262e0ef593e67c7ecd754f7,0x907c3b1c10d4bc8fe254958f0c3796a6585a921a0d80f6b70665af31d28acff6,0xa79bdc,1708758171,erc20,0xfb3bdb41,in,BRETT,81601981.0,0x437fe44103eb2808d40000,base
0x3f59dde6002b18163262e0ef593e67c7ecd754f7,0x404e927b203375779a6abd52a2049ce0adf6609b,0x3f59dde6002b18163262e0ef593e67c7ecd754f7,0x3143f21e45c5d3f271032ea5f73c01b741783e3cef2834e26cc28f37d626e87a,0xa79be1,1708758181,erc20,0xfb3bdb41,in,BRETT,100000000.0,0x52b7d2dcc80cd2e4000000,base
0x3f59dde6002b18163262e0ef593e67c7ecd754f7,0x3f59dde6002b18163262e0ef593e67c7ecd754f7,0x148ac507bb2f1e30441548f19df79edfc57021a0,0x72c8dad8fb4a5f52562a8e147aea09462b8b91dac6b7a0008195787a1ba11d3e,0xa7f64c,1708804475,erc20,0xa9059cbb,out,BRETT,100000000.0,0x52b7d2dcc80cd2e4000000,base
0x311caf5ce308516154ee47a926531b0c56e7c0b9,0xfd92f4e91d54b9ef91cc3f97c011a6af0c2a7eda,0x311caf5ce308516154ee47a926531b0c56e7c0b9,0x80b5f8d5705a9e1dc3524598a2e22432cf58fa443687248817fa39e20d7a8630,0xa7256a,1708697527,external,0x,in,ETH,0.05,0xb1a2bc2ec50000,base
0x311caf5ce308516154ee47a926531b0c56e7c0b9,0x404e927b203375779a6abd52a2049ce0adf6609b,0x311caf5ce308516154ee47a926531b0c56e7c0b9,0x4632b31862a4525b75f6fbe1ac7dff5fb79ffbfa818f91d905e6bf20398eda25,0xa79c56,1708758415,erc20,0xfb3bdb41,in,BRETT,72806997.0,0x3c397b374a497b1c340000,base
0x311caf5ce308516154ee47a926531b0c56e7c0b9,0x404e927b203375779a6abd52a2049ce0adf6609b,0x311caf5ce308516154ee47a926531b0c56e7c0b9,0x0421e9ba06e28894e364f87b3ce1c1049d30954e86c0e02f45898ac630627ddc,0xa79d9d,1708759069,erc20,0x7ff36ab5,in,BRETT,21600328.29990841,0x11de0c24b9aa8a92211afe,base
0x388d0acb9284207602c842efb19a36c0b4635e29,0xfd92f4e91d54b9ef91cc3f97c011a6af0c2a7eda,0x388d0acb9284207602c842efb19a36c0b4635e29,0xf8a80f118eb57164cf7758b10399a68ee2998a4fe1e48ed24963e3ab502b3510,0xa7367a,1708706263,external,0x,in,ETH,0.1,0x16345785d8a0000,base
0x388d0acb9284207602c842efb19a36c0b4635e29,0x404e927b203375779a6abd52a2049ce0adf6609b,0x388d0acb9284207602c842efb19a36c0b4635e29,0x9ecee9e9b22cbb00b891a108e09c966d5b9b02810703bc7f200b24fc4b31d9b9,0xa79cb6,1708758607,erc20,0x7ff36ab5,in,BRETT,20743146.990496367,0x112888406681821d4ecabb,base
0x2440bffbc217a1ac736a85ba5eb44282b92acede,0xfd92f4e91d54b9ef91cc3f97c011a6af0c2a7eda,0x2440bffbc217a1ac736a85ba5eb44282b92acede,0x8e71c9130aeb99f4b4bedc79ab2308e1f957f414c5c0725dd2c1bcf52c1af75d,0xa736e2,1708706471,external,0x,in,ETH,0.1,0x16345785d8a0000,base
0x2440bffbc217a1ac736a85ba5eb44282b92acede,0x404e927b203375779a6abd52a2049ce0adf6609b,0x2440bffbc217a1ac736a85ba5eb44282b92acede,0xa247a119c60814d67393114c62c55bffa53645b72b8738200bde213a6763fbbe,0xa79c88,1708758515,erc20,0x7ff36ab5,in,BRETT,46204210.37975453,0x26381f437a547aa9a3a7ee,base
0x2440bffbc217a1ac736a85ba5eb44282b92acede,0x404e927b203375779a6abd52a2049ce0adf6609b,0x2440bffbc217a1ac736a85ba5eb44282b92acede,0xe08e4f7b3d9080569adb8d193f24aa7389d070e04fe42b4b179d02d6be9fd446,0xa7a0b0,1708760643,erc20,0x7ff36ab5,in,BRETT,2389693.1976708667,0x1fa09871f8075cb17860b,base
0x9fbe8599d79acbfb40a83bd3d33620db2f701e0c,0xfd92f4e91d54b9ef91cc3f97c011a6af0c2a7eda,0x9fbe8599d79acbfb40a83bd3d33620db2f701e0c,0xee6bd2dbea4e94f139b00d440ad5a52eb983e63b04626ee86ed5ab00e64d1c0e,0xa72524,1708697387,external,0x,in,ETH,0.05,0xb1a2bc2ec50000,base
0x9fbe8599d79acbfb40a83bd3d33620db2f701e0c,0x404e927b203375779a6abd52a2049ce0adf6609b,0x9fbe8599d79acbfb40a83bd3d33620db2f701e0c,0x1cecb9aee0743e5620d95422abe7606acb67221b4caaea45293d4dbcd8b4fe30,0xa79c50,1708758403,erc20,0xfb3bdb41,in,BRETT,89165941.0,0x49c19f58e1d183c0b40000,base
0x9fbe8599d79acbfb40a83bd3d33620db2f701e0c,0x404e927b203375779a6abd52a2049ce0adf6609b,0x9fbe8599d79acbfb40a83bd3d33620db2f701e0c,0x78e67ad98548af9d26d6f7ec66d0db21b4bc518d0b8e2e93727dfbf40dca1f0a,0xa79d7b,1708759001,erc20,0x7ff36ab5,in,BRETT,21147129.43997677,0x117e142f1cc52ef3637c3d,base
0xd0739459c5945bbedc7669bcb38c92cce9afa8de,0xfd92f4e91d54b9ef91cc3f97c011a6af0c2a7eda,0xd0739459c5945bbedc7669bcb38c92cce9afa8de,0xeadcfad28980520d927cbcf68455dd2f8ebfed4cfd817ac9e1ae9df1b7b5ab57,0xa73ccb,1708709497,external,0x,in,ETH,0.15,0x214e8348c4f0000,base
0xd0739459c5945bbedc7669bcb38c92cce9afa8de,0x404e927b203375779a6abd52a2049ce0adf6609b,0xd0739459c5945bbedc7669bcb38c92cce9afa8de,0xbbb8df6f8dac486f0c204dbdebafaa32985cc3359ab1de3c5fc952688700a0a0,0xa79cdc,1708758683,erc20,0xfb3bdb41,in,BRETT,50000000.0,0x295be96e64066972000000,base
0xd0739459c5945bbedc7669bcb38c92cce9afa8de,0x404e927b203375779a6abd52a2049ce0adf6609b,0xd0739459c5945bbedc7669bcb38c92cce9afa8de,0xbaa5f16ad935075e0430c670f9089b5ca774e46f06ced46c7a473038eed341da,0xa79e3f,1708759393,erc20,0x7ff36ab5,in,BRETT,7910169.643349971,0x68b0b27d58fda0d7497d5,base
0xd0739459c5945bbedc7669bcb38c92cce9afa8de,0x404e927b203375779a6abd52a2049ce0adf6609b,0xd0739459c5945bbedc7669bcb38c92cce9afa8de,0x9289a516fa25197966d05c516a5bc31e6a0aaf5db12aa3f7507407187d7981ce,0xa7a080,1708760547,erc20,0x7ff36ab5,in,BRETT,2065255.5559605602,0x1b555ba5fe13b955b35ce,base
0xfdbb0e84340d17d5da390ea2325cce477b292185,0xfd92f4e91d54b9ef91cc3f97c011a6af0c2a7eda,0xfdbb0e84340d17d5da390ea2325cce477b292185,0x597a37c6bf53dfc05b47b069cc155696ef33036b81aae0c5523bf85d1a4901bc,0xa7384f,1708707201,external,0x,in,ETH,0.1,0x16345785d8a0000,base
0xfdbb0e84340d17d5da390ea2325cce477b292185,0x404e927b203375779a6abd52a2049ce0adf6609b,0xfdbb0e84340d17d5da390ea2325cce477b292185,0x94a8e3f8c0f5e6e3141da55f4199cce9f20793f87b07ca21f026de75b414a26e,0xa79ccf,1708758657,erc20,0xfb3bdb41,in,BRETT,89797557.0,0x4a475f51b4c48645b40000,base
0xfdbb0e84340d17d5da390ea2325cce477b292185,0x404e927b203375779a6abd52a2049ce0adf6609b,0xfdbb0e84340d17d5da390ea2325cce477b292185,0x06eb7828cded3fb2f95c83499b6f72a42cb3026c2de2ae1158d667dfa92ba231,0xa79e00,1708759267,erc20,0x7ff36ab5,in,BRETT,7148553.600213745,0x5e9c3ddff1e314d0a2f2e,base
0xb99635d6f4e935b25c7c8092613be9da797cf1ca,0xfd92f4e91d54b9ef91cc3f97c011a6af0c2a7eda,0xb99635d6f4e935b25c7c8092613be9da797cf1ca,0x7ab2a1085c3de4c47f40bde8c8dd47f33d19a221ed0ac591b8cc0eadae70628e,0xa7255b,1708697497,external,0x,in,ETH,0.05,0xb1a2bc2ec50000,base
0xb99635d6f4e935b25c7c8092613be9da797cf1ca,0x404e927b203375779a6abd52a2049ce0adf6609b,0xb99635d6f4e935b25c7c8092613be9da797cf1ca,0xcbb4e6d00bea7b3e904a88e4586552e4988aac8fd0db0c7dbc8439b9f27815e2,0xa79c56,1708758415,erc20,0xfb3bdb41,in,BRETT,71454066.0,0x3b1afcadf41d219e880000,base
0xb99635d6f4e935b25c7c8092613be9da797cf1ca,0x404e927b203375779a6abd52a2049ce0adf6609b,0xb99635d6f4e935b25c7c8092613be9da797cf1ca,0xa764fcbfabc0ced84e0c4af2c0c72f99a8074bcfd6614d30057a9c1921cef272,0xa79d95,1708759053,erc20,0x7ff36ab5,in,BRETT,19927990.86010157,0x107bea8c97b1b7bfe950f4,base
0x04a9d53236ac03a95ba93dff306b12011967a846,0xfd92f4e91d54b9ef91cc3f97c011a6af0c2a7eda,0x04a9d53236ac03a95ba93dff306b12011967a846,0x48bcd39356d3df48aa0990a71c02c62c765be760f72c1d1fd4b254976dbd3102,0xa72484,1708697067,external,0x,in,ETH,0.05,0xb1a2bc2ec50000,base
0x04a9d53236ac03a95ba93dff306b12011967a846,0x404e927b203375779a6abd52a2049ce0adf6609b,0x04a9d53236ac03a95ba93dff306b12011967a846,0x0bbcebed256f2c5707af7bcfdd89e690169badb03b1fc35708a54ace6728f341,0xa79c43,1708758377,erc20,0xfb3bdb41,in,BRETT,100000000.0,0x52b7d2dcc80cd2e4000000,base
0x04a9d53236ac03a95ba93dff306b12011967a846,0x04a9d53236ac03a95ba93dff306b12011967a846,0xa210d9f34feed8191326245592fddc9e0595ea1f,0xdcc727044fe4c8ca78d35c542eb145b4ad3e74f1d51f0ca839dcfed8f198b302,0xa7b77b,1708772313,erc20,0xa9059cbb,out,BRETT,10000000.0,0x84595161401484a000000,base
0x04a9d53236ac03a95ba93dff306b12011967a846,0x04a9d53236ac03a95ba93dff306b12011967a846,0x8f0e6aeafec12d4485b4e712662097261079f662,0xfeafcf04f52bc50eb8a5b2d93ff90f1ad56de627fdb3b029420175243f91f8c4,0xa7b7a8,1708772403,erc20,0xa9059cbb,out,BRETT,10000000.0,0x84595161401484a000000,base
0x04a9d53236ac03a95ba93dff306b12011967a846,0x04a9d53236ac03a95ba93dff306b12011967a846,0x6fc913df8d6810f0fd47047f326534499c34b019,0x6982247b6796a9d94e99daf513a19990e7691d47b993c85f0d2987a95fb003ca,0xa7e1cc,1708793979,erc20,0xa9059cbb,out,BRETT,10000000.0,0x84595161401484a000000,base
0x9982ca38e0257aeb40c6c2de28acdc45511ddddf,0xfd92f4e91d54b9ef91cc3f97c011a6af0c2a7eda,0x9982ca38e0257aeb40c6c2de28acdc45511ddddf,0xf7f79c3732a9e9d61dbdda70d2893c2e2b687d479a212691eddb2b9403a6c4c3,0xa73611,1708706053,external,0x,in,ETH,0.1,0x16345785d8a0000,base
0x9982ca38e0257aeb40c6c2de28acdc45511ddddf,0x404e927b203375779a6abd52a2049ce0adf6609b,0x9982ca38e0257aeb40c6c2de28acdc45511ddddf,0x364e50fc824dfc5a532903696cf3b89909c856982ec5add931e656a83dfe137f,0xa79cb2,1708758599,erc20,0xfb3bdb41,in,BRETT,100000000.0,0x52b7d2dcc80cd2e4000000,base
0x4b34f943181408eac424116af7b7790c94cba8b6,0x0c5dcbc60345db48800b26808d01bb3e35a281f1,0x4b34f943181408eac424116af7b7790c94cba8b6,0x4da48371c4732f14f0391341858145b623dad45346435738d820ae625d0a954f,0xa032a8,1707786803,external,0x,in,ETH,0.000999280803253453,0x38cd7314f0ccd,base
0x4b34f943181408eac424116af7b7790c94cba8b6,0xf784f458a46d8511d5ada31d4b429a57b51b80cc,0x4b34f943181408eac424116af7b7790c94cba8b6,0xb9f3f64ae2eb963357a13c5dde4de30023c1993b8ce6b495e55b88ccd2fd52f4,0xa19f5b,1707973529,external,0x,in,ETH,0.002144466123703556,0x79e616d894504,base
0x4b34f943181408eac424116af7b7790c94cba8b6,0x7a6469bf4000efe63257fd2f22f54d7a0a94f980,0x4b34f943181408eac424116af7b7790c94cba8b6,0xa76443d347829506d848d89560fc563c8e443bd8a90f68e685a79c8e3072f637,0xa1e24c,1708007803,external,0x,in,ETH,0.000159783070031846,0x915265215fe6,base
0x4b34f943181408eac424116af7b7790c94cba8b6,0xd34ea7278e6bd48defe656bbe263aef11101469c,0x4b34f943181408eac424116af7b7790c94cba8b6,0x90cd6a139e5808246068c5ae80626a75ceaa2be723bee1f6247aefefdd2fba8f,0xa52c6d,1708438973,external,0x,in,ETH,0.00364384,0xcf20d9cd18000,base
0xdde0612a5c8de87df27988fb0b69d7c173e5d88a,0xfd92f4e91d54b9ef91cc3f97c011a6af0c2a7eda,0xdde0612a5c8de87df27988fb0b69d7c173e5d88a,0x4c4acd18cda04560429ea092c5b9abc222ab620a37095f6b4e7aa40862ef0a47,0xa73819,1708707093,external,0x,in,ETH,0.1,0x16345785d8a0000,base
0xdde0612a5c8de87df27988fb0b69d7c173e5d88a,0x404e927b203375779a6abd52a2049ce0adf6609b,0xdde0612a5c8de87df27988fb0b69d7c173e5d88a,0xbf4d143758be25748325be765a363f779bf3fee2a92f3ec2779fd64786bd1f11,0xa79ce3,1708758697,erc20,0xfb3bdb41,in,BRETT,74861364.0,0x3dec82ac9876a04c500000,base
0xdde0612a5c8de87df27988fb0b69d7c173e5d88a,0x404e927b203375779a6abd52a2049ce0adf6609b,0xdde0612a5c8de87df27988fb0b69d7c173e5d88a,0xd47b60ccc5a43ce9f35da8f76ecb5cbb06c6286588c3333950aeb75474ef0567,0xa7a0d8,1708760723,erc20,0x7ff36ab5,in,BRETT,1495485.4043904287,0x13cae6d1c9fd7061f9a44,base
0x490dfbf6818334f2f24007d407598c15d01a4167,0xb331aa229758e0686b501689c36a37f32b174d1a,0x490dfbf6818334f2f24007d407598c15d01a4167,0x0b8b9c63f3233d76907d45c8ed75675df6ff9bffd170f2d9225a121f10da313a,0x9eca0d,1707602173,external,0x,in,ETH,1.01,0xe043da617250000,base
0x490dfbf6818334f2f24007d407598c15d01a4167,0x490dfbf6818334f2f24007d407598c15d01a4167,0x523c83e24a137aa8d943ac7660556f9138182aae,0xf5cb893db212ee1107a34f2f177e4f83d42e4e486ff65b63e90cdf30aca87e75,0x9ecae5,1707602605,external,0x09c182c3,out,ETH,0.1,0x16345785d8a0000,base
0x490dfbf6818334f2f24007d407598c15d01a4167,0x490dfbf6818334f2f24007d407598c15d01a4167,0x523c83e24a137aa8d943ac7660556f9138182aae,0x5d303b2c97e7b4c84ec384cc0cb49df280c12090c101ae16304454aece094c6a,0x9ecb74,1707602891,external,0x09c182c3,out,ETH,0.1,0x16345785d8a0000,base
0x490dfbf6818334f2f24007d407598c15d01a4167,0x490dfbf6818334f2f24007d407598c15d01a4167,0x523c83e24a137aa8d943ac7660556f9138182aae,0x5bff59972e05a12730c3794680ba8ed3032c7e69426eaa110acddf18889b4f03,0x9ecd23,1707603753,external,0x09c182c3,out,ETH,0.1,0x16345785d8a0000,base
0x490dfbf6818334f2f24007d407598c15d01a4167,0x490dfbf6818334f2f24007d407598c15d01a4167,0x06b17d90d72bc3446a376e0d888547b59adefb9d,0xc8689bda63488418144cf99e9443387c22bb4e70ddddc2cb70d692c614989631,0x9f6c3e,1707685215,external,0x,out,ETH,0.4,0x58d15e176280000,base
0x490dfbf6818334f2f24007d407598c15d01a4167,0x490dfbf6818334f2f24007d407598c15d01a4167,0x523c83e24a137aa8d943ac7660556f9138182aae,0x23eb9eee8df6927d7f0bba54737b42d30dabfa198bd84ed4182f5cfd11b231d2,0x9f6e0f,1707686145,external,0x09c182c3,out,ETH,0.2,0x2c68af0bb140000,base
0x490dfbf6818334f2f24007d407598c15d01a4167,0xb331aa229758e0686b501689c36a37f32b174d1a,0x490dfbf6818334f2f24007d407598c15d01a4167,0xa7f6a10041df5828f240ebc2d57e05a7029e23798243c5a0cbe7b7e7db21cf0d,0xa06a97,1707815441,external,0x,in,ETH,1.8,0x18fae27693b40000,base
0x490dfbf6818334f2f24007d407598c15d01a4167,0x404e927b203375779a6abd52a2049ce0adf6609b,0x490dfbf6818334f2f24007d407598c15d01a4167,0x543f7b3cfcc23760674c9850fcd3ce0421680bd757db5bdc26312a959071bb62,0xa7a100,1708760803,erc20,0x09c182c3,in,BRETT,10827952.687653068,0x8f4e87dcad467aca107f5,base
0xbd83ed0980556c2781eb6b70855c52c71ab216ac,0xbd83ed0980556c2781eb6b70855c52c71ab216ac,0xbd83ed0980556c2781eb6b70855c52c71ab216ac,0xc63de162efbe526c4afb8c4e919b9f028fd091b92ad07e18a662eff0155f7afe,0xa6598a,1708593143,external,0x01,out,ETH,0.19,0x2a303fe4b530000,base
0xbd83ed0980556c2781eb6b70855c52c71ab216ac,0x2f66ace812532a9508520ebec6afd08c32338022,0xbd83ed0980556c2781eb6b70855c52c71ab216ac,0x995e35ad7034affc609baa9a4ee9f686136b3d45c95f464e55afb3067aab7497,0xa7f008,1708801267,erc20,0xa9059cbb,in,BRETT,50000000.0,0x295be96e64066972000000,base
0xead990edcb0ab53188e850d4f8679e27b21cd511,0xfd92f4e91d54b9ef91cc3f97c011a6af0c2a7eda,0xead990edcb0ab53188e850d4f8679e27b21cd511,0x854b14d610c334d88fea4ed19cde5e419d22a2b8b9309971c819b7d2c4c726be,0xa73624,1708706091,external,0x,in,ETH,0.1,0x16345785d8a0000,base
0xead990edcb0ab53188e850d4f8679e27b21cd511,0x404e927b203375779a6abd52a2049ce0adf6609b,0xead990edcb0ab53188e850d4f8679e27b21cd511,0xb785cd30d0c549c5525f8f2c0d8d46bb8b7afec2d5201d61e7d30b20c6e033d4,0xa79c9e,1708758559,erc20,0xfb3bdb41,in,BRETT,50000000.0,0x295be96e64066972000000,base
0xd5fddd924903db70f01952e6fb356a5186c65649,0xfd92f4e91d54b9ef91cc3f97c011a6af0c2a7eda,0xd5fddd924903db70f01952e6fb356a5186c65649,0xaf214d5a18a768072fc22fab7dc4ca7c521e825808c7a07632b12a86a9c4708b,0xa73878,1708707283,external,0x,in,ETH,0.1,0x16345785d8a0000,base
0xd5fddd924903db70f01952e6fb356a5186c65649,0x404e927b203375779a6abd52a2049ce0adf6609b,0xd5fddd924903db70f01952e6fb356a5186c65649,0x2d6617285ae1787b7b439f754996d98dea14933c2a460ead80d675a2768530e4,0xa79c9a,1708758551,erc20,0xfb3bdb41,in,BRETT,72172870.0,0x3bb3331f574a51b9580000,base
0xd5fddd924903db70f01952e6fb356a5186c65649,0x404e927b203375779a6abd52a2049ce0adf6609b,0xd5fddd924903db70f01952e6fb356a5186c65649,0xcdf97db474ab4b3d7a95393d4ef9c50dc0a5d71451b562a906316223cb0272fe,0xa79e11,1708759301,erc20,0x7ff36ab5,in,BRETT,6827383.434424176,0x5a5c13295e50bdb1db660,base
0xd5fddd924903db70f01952e6fb356a5186c65649,0x404e927b203375779a6abd52a2049ce0adf6609b,0xd5fddd924903db70f01952e6fb356a5186c65649,0x71f35d03f07efe1846cdc027c7f6a0ecd588679ff0b2901b35bd88d7b2658215,0xa79e1c,1708759323,erc20,0x7ff36ab5,in,BRETT,3402726.08181326,0x2d08e268811b7236bcaf0,base
0x200a8a86517d0912aaddca5bdcfe808549fbc034,0x2f66ace812532a9508520ebec6afd08c32338022,0x200a8a86517d0912aaddca5bdcfe808549fbc034,0xff2fdca4d486388fe63fa4b0177fd7dd1d15a0f01a878cdca0e4c0c8dd71c7cc,0xa7f2b5,1708802637,erc20,0xa9059cbb,in,BRETT,10000000.0,0x84595161401484a000000,base
0x87edc5758b40b5b06aeb22ba72357c9103e9ad24,0xfd92f4e91d54b9ef91cc3f97c011a6af0c2a7eda,0x87edc5758b40b5b06aeb22ba72357c9103e9ad24,0x089f6bf51a7bf3bfbc1ff5ffdf969b8dab682e9e08da7c70b309d37034ac6426,0xa74302,1708712679,external,0x,in,ETH,0.15,0x214e8348c4f0000,base
0x87edc5758b40b5b06aeb22ba72357c9103e9ad24,0x404e927b203375779a6abd52a2049ce0adf6609b,0x87edc5758b40b5b06aeb22ba72357c9103e9ad24,0x5b72a8f0b7e24295c189a224cf71eb578c352d73387b3e669e9f2ab7aacd667a,0xa79cab,1708758585,erc20,0xfb3bdb41,in,BRETT,100000000.0,0x52b7d2dcc80cd2e4000000,base
0x87edc5758b40b5b06aeb22ba72357c9103e9ad24,0x404e927b203375779a6abd52a2049ce0adf6609b,0x87edc5758b40b5b06aeb22ba72357c9103e9ad24,0xaff539d851461ea18dd99a46b3fdb417e0db98814dcd94e550dd157d0e970a78,0xa79e61,1708759461,erc20,0x7ff36ab5,in,BRETT,7691683.2644079495,0x65cc6fc3a7687e39a28ea,base
0x87edc5758b40b5b06aeb22ba72357c9103e9ad24,0x404e927b203375779a6abd52a2049ce0adf6609b,0x87edc5758b40b5b06aeb22ba72357c9103e9ad24,0x411101690b165c6def8c66cf2717b638be3542932da2c942d8839dc8ec8a6b2d,0xa7a0a3,1708760617,erc20,0x7ff36ab5,in,BRETT,1683320.1307527095,0x16474f796534d543be24c,base
0xc58258be9fb1594e2d4f0910da21a61a717a5704,0xfd92f4e91d54b9ef91cc3f97c011a6af0c2a7eda,0xc58258be9fb1594e2d4f0910da21a61a717a5704,0x2b2a355ffbfff0ce614e44259f6c63a5aa8fba84dcc5e971b942eb9705d30ba1,0xa736ba,1708706391,external,0x,in,ETH,0.1,0x16345785d8a0000,base
0xc58258be9fb1594e2d4f0910da21a61a717a5704,0x404e927b203375779a6abd52a2049ce0adf6609b,0xc58258be9fb1594e2d4f0910da21a61a717a5704,0x37e0b7510bd0dfaea83b1df7273e5828c043219013dae0132a7df4a1588b2117,0xa79cbd,1708758621,erc20,0x7ff36ab5,in,BRETT,56031346.10578996,0x2e59195bd7a529a4d9cff3,base
0x75b867e833b04d47d2b63204a2746e378a9d6b65,0xfd92f4e91d54b9ef91cc3f97c011a6af0c2a7eda,0x75b867e833b04d47d2b63204a2746e378a9d6b65,0x0a76037784c64dbb6f93e6f32e75a6360f5d84a0a8e73e0f5aa4ac8c123dec92,0xa734c2,1708705383,external,0x,in,ETH,0.05,0xb1a2bc2ec50000,base
0x75b867e833b04d47d2b63204a2746e378a9d6b65,0x404e927b203375779a6abd52a2049ce0adf6609b,0x75b867e833b04d47d2b63204a2746e378a9d6b65,0x70ea96237d1fed83bf79ddd67a513cf4c1bdb12d8c99a2fe0466dbbd1cc78aed,0xa79c69,1708758453,erc20,0x7ff36ab5,in,BRETT,19684812.836183205,0x10486bd793bc5a8272b219,base
0xa80786f35a7119dff0c1b35cfefd896e6629b02b,0xfd92f4e91d54b9ef91cc3f97c011a6af0c2a7eda,0xa80786f35a7119dff0c1b35cfefd896e6629b02b,0xa810534b4ed59656fe6c1f9d09cfdf07ea80d841cbcec961fe86990590e59d6e,0xa7457c,1708713947,external,0x,in,ETH,0.4,0x58d15e176280000,base
0xa80786f35a7119dff0c1b35cfefd896e6629b02b,0x404e927b203375779a6abd52a2049ce0adf6609b,0xa80786f35a7119dff0c1b35cfefd896e6629b02b,0x9390a83932be9778824c6a9706da9ff2d4dac2f9b1d7c1ec29ce7085f1ddab4f,0xa79d13,1708758793,erc20,0xfb3bdb41,in,BRETT,50000000.0,0x295be96e64066972000000,base
0xa80786f35a7119dff0c1b35cfefd896e6629b02b,0x404e927b203375779a6abd52a2049ce0adf6609b,0xa80786f35a7119dff0c1b35cfefd896e6629b02b,0xa532be92f9597c12023c0bbfa985ea7e59921fec022155329911cc257d6c1cc8,0xa79eba,1708759639,erc20,0x7ff36ab5,in,BRETT,12048390.259630373,0x9f7588b72ea60edc070ec,base
0xa80786f35a7119dff0c1b35cfefd896e6629b02b,0x404e927b203375779a6abd52a2049ce0adf6609b,0xa80786f35a7119dff0c1b35cfefd896e6629b02b,0xb454c8b5702caf94d8ef23492e280039bb247ee9bbd247da3edda76a9a2b4705,0xa79ff1,1708760261,erc20,0x7ff36ab5,in,BRETT,9729480.672849359,0x80c4c34420e98e0473776,base
0xfceffddcb543287ce10f5e9e7f8de4157b3c1701,0xfd92f4e91d54b9ef91cc3f97c011a6af0c2a7eda,0xfceffddcb543287ce10f5e9e7f8de4157b3c1701,0xd085e6a12388e62206d93abc319bdf348247c0df6546badefc04a43c8d509972,0xa72475,1708697037,external,0x,in,ETH,0.05,0xb1a2bc2ec50000,base
0xfceffddcb543287ce10f5e9e7f8de4157b3c1701,0x404e927b203375779a6abd52a2049ce0adf6609b,0xfceffddcb543287ce10f5e9e7f8de4157b3c1701,0xe53436d14e3596e9d73f8ad2e195a713b6e3286bcef53b7496521bef0adc3ea9,0xa79c58,1708758419,erc20,0xfb3bdb41,in,BRETT,100000000.0,0x52b7d2dcc80cd2e4000000,base
0x971a8115a573f9ccf10f9147c835a10698fba57a,0xbbe94a5cfcf3c83a399f7d10d4fc94448f034f32,0x971a8115a573f9ccf10f9147c835a10698fba57a,0x3d48b5e54ae7f26ff5d7f3c710ec8a4d5442b6c787fb8e14c2a19a10ff422aec,0xa79703,1708755689,external,0x,in,ETH,0.51,0x713e24c43730000,base
0x971a8115a573f9ccf10f9147c835a10698fba57a,0x404e927b203375779a6abd52a2049ce0adf6609b,0x971a8115a573f9ccf10f9147c835a10698fba57a,0x348b644d6f07ec6eb61b54a8df781d17190542a995110815393aba04acb11e24,0xa79dc3,1708759145,erc20,0x2646478b,in,BRETT,151179691.52380526,0x7d0d8b7fd176905e635952,base
0x4f9cb6a36e77e0fc952270c229ec96f80227c5e9,0xfd92f4e91d54b9ef91cc3f97c011a6af0c2a7eda,0x4f9cb6a36e77e0fc952270c229ec96f80227c5e9,0xe06a4a65df6b9d4086df5b1cd78552b75121e9e27a046084c94a49ff61e5c9da,0xa745e0,1708714147,external,0x,in,ETH,0.4,0x58d15e176280000,base
0x4f9cb6a36e77e0fc952270c229ec96f80227c5e9,0x404e927b203375779a6abd52a2049ce0adf6609b,0x4f9cb6a36e77e0fc952270c229ec96f80227c5e9,0x493ac4439e9f652f51c417df4c230d2cbe6c9fda4de006761b71596e9c3ebd85,0xa79f65,1708759981,erc20,0x7ff36ab5,in,BRETT,17023015.12735119,0xe14c37fc95e512fbad173,base
0x4f9cb6a36e77e0fc952270c229ec96f80227c5e9,0x404e927b203375779a6abd52a2049ce0adf6609b,0x4f9cb6a36e77e0fc952270c229ec96f80227c5e9,0x95a93a7d16674119d9235393866901a494d89e694ec1f09be0d24342414930cc,0xa79f8c,1708760059,erc20,0x7ff36ab5,in,BRETT,7468538.073704026,0x62d86429f1733f79c9018,base
0x4f9cb6a36e77e0fc952270c229ec96f80227c5e9,0x404e927b203375779a6abd52a2049ce0adf6609b,0x4f9cb6a36e77e0fc952270c229ec96f80227c5e9,0x87d09b4d86b1620241f4d5504a28370adc10854c78de67f86b9de0ba5465b803,0xa7a00d,1708760317,erc20,0x7ff36ab5,in,BRETT,5037680.65377322,0x42ac5372816b99545f027,base
0x30226f2a0881cfcfe06bbcc770bdf499d4af92ad,0xfd92f4e91d54b9ef91cc3f97c011a6af0c2a7eda,0x30226f2a0881cfcfe06bbcc770bdf499d4af92ad,0xfbf7b5b68c6d1a9c3b4b16ab1e48d0f460c7b8b1153826293130868864eeb677,0xa73520,1708705571,external,0x,in,ETH,0.1,0x16345785d8a0000,base
0x30226f2a0881cfcfe06bbcc770bdf499d4af92ad,0x404e927b203375779a6abd52a2049ce0adf6609b,0x30226f2a0881cfcfe06bbcc770bdf499d4af92ad,0x4a96eb38265022e218602890a4d92e4511317c92d9bc5799ef28c58a95ca8be8,0xa79c86,1708758511,erc20,0xfb3bdb41,in,BRETT,77788626.0,0x405861dd7d4bda04080000,base
0x13c1861d97bdb852891516cad4ec806d0e6e321b,0xfd92f4e91d54b9ef91cc3f97c011a6af0c2a7eda,0x13c1861d97bdb852891516cad4ec806d0e6e321b,0x8b4a7b3b1e1ac7bb179ebc0afdd5bcf69549566d6476174e71ca381e2bc7fd38,0xa73459,1708705173,external,0x,in,ETH,0.05,0xb1a2bc2ec50000,base
0x13c1861d97bdb852891516cad4ec806d0e6e321b,0x404e927b203375779a6abd52a2049ce0adf6609b,0x13c1861d97bdb852891516cad4ec806d0e6e321b,0x91665fbd80cd04cfc161c774480e8dc8b5cb4e5f4f09c4b3aff0972f166e64fb,0xa79c6b,1708758457,erc20,0x7ff36ab5,in,BRETT,19551607.394932307,0x102c36c2ba83567f511bac,base
0x5a395ae92f10f082380a6254e5aa904cf60b5be2,0xfd92f4e91d54b9ef91cc3f97c011a6af0c2a7eda,0x5a395ae92f10f082380a6254e5aa904cf60b5be2,0x2b8e605ceaf988c4c0af45bb215f272a31806124d52c183ff360ca2f77b77af2,0xa744a5,1708713517,external,0x,in,ETH,0.2,0x2c68af0bb140000,base
0x5a395ae92f10f082380a6254e5aa904cf60b5be2,0xfd92f4e91d54b9ef91cc3f97c011a6af0c2a7eda,0x5a395ae92f10f082380a6254e5aa904cf60b5be2,0x9651101f02fa076b44b9b673c0b11bf125654dc16f3419f208ada8c3f0b61cac,0xa74752,1708714887,external,0x,in,ETH,0.2,0x2c68af0bb140000,base
0x5a395ae92f10f082380a6254e5aa904cf60b5be2,0x404e927b203375779a6abd52a2049ce0adf6609b,0x5a395ae92f10f082380a6254e5aa904cf60b5be2,0xbba31bdf3afb46056cd1f70ab4154665b6623f408400c220d2682a9fbf2b49c5,0xa79cd0,1708758659,erc20,0xfb3bdb41,in,BRETT,88733540.0,0x49660ed78e6432df100000,base
0x5a395ae92f10f082380a6254e5aa904cf60b5be2,0x404e927b203375779a6abd52a2049ce0adf6609b,0x5a395ae92f10f082380a6254e5aa904cf60b5be2,0xbfed0af4b81682e698926a19ee7ff80624a7f3165a137bc103f39e07ff8b5738,0xa79ea9,1708759605,erc20,0x7ff36ab5,in,BRETT,13532397.156034848,0xb3198b84334bc5b00ec31,base
0x5a395ae92f10f082380a6254e5aa904cf60b5be2,0x404e927b203375779a6abd52a2049ce0adf6609b,0x5a395ae92f10f082380a6254e5aa904cf60b5be2,0xef781c9584e3bfd69df7814433252e2203ebedb6dd560ad051bba3b9aa893a7d,0xa79fe0,1708760227,erc20,0x7ff36ab5,in,BRETT,11447445.388436368,0x97817420ad1d1307d2ea2,base
0xb4cad1c293491f340bb206d03c25caffa7a80108,0xfd92f4e91d54b9ef91cc3f97c011a6af0c2a7eda,0xb4cad1c293491f340bb206d03c25caffa7a80108,0x919d0801d1e077a35129a8cf8c1e40b15afbe11433f6596c942621b867bdc601,0xa7389d,1708707357,external,0x,in,ETH,0.1,0x16345785d8a0000,base
0xb4cad1c293491f340bb206d03c25caffa7a80108,0x404e927b203375779a6abd52a2049ce0adf6609b,0xb4cad1c293491f340bb206d03c25caffa7a80108,0x624962fd73843e94a87228e68e57a2a78d528187a4279457be42526838d68042,0xa79cd5,1708758669,erc20,0x7ff36ab5,in,BRETT,33361983.300876815,0x1b98acbd18f05f39996272,base
0xb4cad1c293491f340bb206d03c25caffa7a80108,0x404e927b203375779a6abd52a2049ce0adf6609b,0xb4cad1c293491f340bb206d03c25caffa7a80108,0x581d5e07d495155b982584d69c5dff5bf882789aff7e1a80b7f538431a7e75ab,0xa79e27,1708759345,erc20,0x7ff36ab5,in,BRETT,6504495.155692259,0x56161639151c9a6395148,base
0x714b42f9d81f8edde9e116099605987607860e64,0xfd92f4e91d54b9ef91cc3f97c011a6af0c2a7eda,0x714b42f9d81f8edde9e116099605987607860e64,0x64c0cb9fa6bc4b17d24548c06d6a0b45b1a644b5f8086a4585b8ea5a454073a8,0xa74568,1708713907,external,0x,in,ETH,0.4,0x58d15e176280000,base
0x714b42f9d81f8edde9e116099605987607860e64,0x404e927b203375779a6abd52a2049ce0adf6609b,0x714b42f9d81f8edde9e116099605987607860e64,0x6ae665ba7a6cef7760de6fbae74582c9866d9e06305b5de248c2f9a8f700d3cd,0xa79d38,1708758867,erc20,0xfb3bdb41,in,BRETT,75348489.0,0x3e53a9c5fb3fc38a840000,base
0x714b42f9d81f8edde9e116099605987607860e64,0x404e927b203375779a6abd52a2049ce0adf6609b,0x714b42f9d81f8edde9e116099605987607860e64,0x1cb5b3e210ecbbeaba14092d3e46436ddbf57ac351945436a0cd9d8ff7ad34d2,0xa79eb4,1708759627,erc20,0x7ff36ab5,in,BRETT,11959940.58504046,0x9e49dada21d500f5f2f88,base
0x714b42f9d81f8edde9e116099605987607860e64,0x404e927b203375779a6abd52a2049ce0adf6609b,0x714b42f9d81f8edde9e116099605987607860e64,0x61417a0885116cb232911a7a69a46c02d5e25f601464a6cfe971a8ce50ddf3c0,0xa79feb,1708760249,erc20,0x7ff36ab5,in,BRETT,9164963.5235347,0x794c1ab0bc4f558db72c5,base
0x86bd1e313ea2c4628ec65a57cf1bef654f943682,0xbbe94a5cfcf3c83a399f7d10d4fc94448f034f32,0x86bd1e313ea2c4628ec65a57cf1bef654f943682,0xe3d85fbfcc84ceafb486a9debb875b621949d99a77aed0582a083325b3d7ac76,0xa79729,1708755765,external,0x,in,ETH,0.5,0x6f05b59d3b20000,base
0x86bd1e313ea2c4628ec65a57cf1bef654f943682,0x404e927b203375779a6abd52a2049ce0adf6609b,0x86bd1e313ea2c4628ec65a57cf1bef654f943682,0x44cc90786327ce1ad37094b7c062548b09e15fc3ce578e6fcce96b2e059a42ec,0xa79ea8,1708759603,erc20,0x2646478b,in,BRETT,39441127.48101408,0x209ffbce151cf2c6a869ae,base
0xadff418cf08a121bc5cf15bdab2801d8416d5dcc,0xfd92f4e91d54b9ef91cc3f97c011a6af0c2a7eda,0xadff418cf08a121bc5cf15bdab2801d8416d5dcc,0xc4185d683fbd4e325702a0dede151278d46c28a774ee36810277e37382c5712b,0xa733fa,1708704983,external,0x,in,ETH,0.05,0xb1a2bc2ec50000,base
0xadff418cf08a121bc5cf15bdab2801d8416d5dcc,0x404e927b203375779a6abd52a2049ce0adf6609b,0xadff418cf08a121bc5cf15bdab2801d8416d5dcc,0x33aa97fe5b55b74d8142de51cbb130c80036761e865711d0aad57489154969d9,0xa79c6e,1708758463,erc20,0x7ff36ab5,in,BRETT,18752314.35835575,0xf82f4ff9218f6c042444d,base
0xadff418cf08a121bc5cf15bdab2801d8416d5dcc,0xadff418cf08a121bc5cf15bdab2801d8416d5dcc,0x404e927b203375779a6abd52a2049ce0adf6609b,0xc946a55a5683a2ab678dd381afce1aea3342945f81312e0c07d4261103e0bd73,0xa79c92,1708758535,erc20,0x791ac947,out,BRETT,18752314.35835575,0xf82f4ff9218f6c042444d,base
0xadff418cf08a121bc5cf15bdab2801d8416d5dcc,0x404e927b203375779a6abd52a2049ce0adf6609b,0xadff418cf08a121bc5cf15bdab2801d8416d5dcc,0xb23af0a906e615d45a72c32df00fe4eff4a1da4cd7effb9950efd9a5cd09b2d5,0xa79dae,1708759103,erc20,0x7ff36ab5,in,BRETT,19682782.842071865,0x1047fdcbbfe37545a760d0,base
0xafed93d81473f2b75b74f3a9777a5edd29bbe3a5,0xfd92f4e91d54b9ef91cc3f97c011a6af0c2a7eda,0xafed93d81473f2b75b74f3a9777a5edd29bbe3a5,0xf993c41b669437622812dc5facd4a5e6d2aa83430093fbe799c894ba1076aec0,0xa74419,1708713237,external,0x,in,ETH,0.2,0x2c68af0bb140000,base
0xafed93d81473f2b75b74f3a9777a5edd29bbe3a5,0x404e927b203375779a6abd52a2049ce0adf6609b,0xafed93d81473f2b75b74f3a9777a5edd29bbe3a5,0x9b736699337f411bdb2fcb5a4d761f9ef0c4842cd7fcc886b8d6c6b67828677b,0xa79d08,1708758771,erc20,0x7ff36ab5,in,BRETT,73346452.62159853,0x3cabb729f03ef520df85d5,base
0xafed93d81473f2b75b74f3a9777a5edd29bbe3a5,0x404e927b203375779a6abd52a2049ce0adf6609b,0xafed93d81473f2b75b74f3a9777a5edd29bbe3a5,0xc3a396e28540b18eaf8f53601e867cb0adfcdf4e1de8ef7d21354326a5d90eac,0xa79e8c,1708759547,erc20,0x7ff36ab5,in,BRETT,6993236.282445688,0x5c8e01937ba90041c1469,base
0xafed93d81473f2b75b74f3a9777a5edd29bbe3a5,0x404e927b203375779a6abd52a2049ce0adf6609b,0xafed93d81473f2b75b74f3a9777a5edd29bbe3a5,0xe6c2c5563f6c02c6360b9224fec666c7161efb11dee65e0472e01acf370394c7,0xa7a054,1708760459,erc20,0x7ff36ab5,in,BRETT,2320345.570081928,0x1eb5a2f765fcc48d597e5,base
0x9ba188e4b2c46c15450ea5eac83a048e5e5d9444,0x0000000000000000000000000000000000000000,0x9ba188e4b2c46c15450ea5eac83a048e5e5d9444,0x9c18c50988784c501e7ff16e913f2ba5c6b6e504ed6d7d63914326368a278b50,0xa79a1a,1708757271,erc20,0x60a06040,in,BRETT,500000000.0,0x19d971e4fe8401e74000000,base
0xda57c7852b3dd2e98e90b7f15ddb069fe08b90fc,0xfd92f4e91d54b9ef91cc3f97c011a6af0c2a7eda,0xda57c7852b3dd2e98e90b7f15ddb069fe08b90fc,0xf37d57f156e281d07f1995820971c3042cd4088e27bb464d1670313a6515c717,0xa745d1,1708714117,external,0x,in,ETH,0.4,0x58d15e176280000,base
0xda57c7852b3dd2e98e90b7f15ddb069fe08b90fc,0x404e927b203375779a6abd52a2049ce0adf6609b,0xda57c7852b3dd2e98e90b7f15ddb069fe08b90fc,0x35ee43ceca4faa8d5e988ec5e6ef4c85ad86718a40c5c539c746d96c1d983ea3,0xa79d18,1708758803,erc20,0x7ff36ab5,in,BRETT,57476862.0933333,0x2f8b32effd83e49ceba01e,base
0xda57c7852b3dd2e98e90b7f15ddb069fe08b90fc,0x404e927b203375779a6abd52a2049ce0adf6609b,0xda57c7852b3dd2e98e90b7f15ddb069fe08b90fc,0xf285d39ba310c5545a6a425793db5bebe42c878ba523f0fb1e88a1c8517e6dec,0xa79f60,1708759971,erc20,0x7ff36ab5,in,BRETT,16421476.906688115,0xd95620c007f55e627519b,base
0xda57c7852b3dd2e98e90b7f15ddb069fe08b90fc,0x404e927b203375779a6abd52a2049ce0adf6609b,0xda57c7852b3dd2e98e90b7f15ddb069fe08b90fc,0x369e6ec800c72e8e965c8833183881400f6983c80046e1bec47f669338f00649,0xa79f86,1708760047,erc20,0x7ff36ab5,in,BRETT,6252872.459787877,0x52c18e52faeee6cc7a670,base
0xda57c7852b3dd2e98e90b7f15ddb069fe08b90fc,0x404e927b203375779a6abd52a2049ce0adf6609b,0xda57c7852b3dd2e98e90b7f15ddb069fe08b90fc,0x03b7b6c29f890c660b11650052c4efa291645fe2ab5f54f67bad5fc071f4a4ae,0xa7a007,1708760305,erc20,0x7ff36ab5,in,BRETT,4293375.70411832,0x38d285d00403a19953b59,base
0x2eee37b11e6a3ff286f04d77bca519459500ea5f,0xfd92f4e91d54b9ef91cc3f97c011a6af0c2a7eda,0x2eee37b11e6a3ff286f04d77bca519459500ea5f,0x3eee1d8889ebd4d12604c95a983a1123a4264a2d0dc6e795deb64daa17c0b645,0xa73427,1708705073,external,0x,in,ETH,0.05,0xb1a2bc2ec50000,base
0x2eee37b11e6a3ff286f04d77bca519459500ea5f,0x404e927b203375779a6abd52a2049ce0adf6609b,0x2eee37b11e6a3ff286f04d77bca519459500ea5f,0xc1d55dcda73b9df8b0310f063999b3b5fe4d8d2a30501a93c365bd15768b0fb3,0xa79c5c,1708758427,erc20,0x7ff36ab5,in,BRETT,11606073.432220591,0x999ae805fd02c31a311eb,base
0x8b33f76d5226f994718bcdb02593a518725d8565,0xfd92f4e91d54b9ef91cc3f97c011a6af0c2a7eda,0x8b33f76d5226f994718bcdb02593a518725d8565,0x9a687539523fa65af5f1a44b54faf95f9da7462b8b6bb54557dee07163a8dad9,0xa736f6,1708706511,external,0x,in,ETH,0.1,0x16345785d8a0000,base
0x8b33f76d5226f994718bcdb02593a518725d8565,0x404e927b203375779a6abd52a2049ce0adf6609b,0x8b33f76d5226f994718bcdb02593a518725d8565,0x4ad2e61c9652ecfe7c6560d71976d507a6a47d1a7af16be2bac71f8cd352b284,0xa79c95,1708758541,erc20,0xfb3bdb41,in,BRETT,72554545.0,0x3c0405c400a5806a240000,base
0x8b33f76d5226f994718bcdb02593a518725d8565,0x404e927b203375779a6abd52a2049ce0adf6609b,0x8b33f76d5226f994718bcdb02593a518725d8565,0x4e2eed733b0121b3e49ba0472de7611372a9c52fba9237cd74a026e74bf84644,0xa7a0b6,1708760655,erc20,0x7ff36ab5,in,BRETT,2379124.6757841585,0x1f7cc9b6b3aed797514b3,base
0x201f948e98513abe8dc70047ba98a050fe67e9fb,0xbaed383ede0e5d9d72430661f3285daa77e9439f,0x201f948e98513abe8dc70047ba98a050fe67e9fb,0xaab211a4780f0ed72748233b4ae780f7b2408c6c29476a5f5d0537f752ce9f4c,0x9ad5c5,1707083885,external,0x,in,ETH,2.98469999,0x296bc8d3c90fdc00,base
0x201f948e98513abe8dc70047ba98a050fe67e9fb,0x993bdefe206e7e5e095b845e841294df6dbc9185,0x201f948e98513abe8dc70047ba98a050fe67e9fb,0x5707ebe7ce9c51e41d1449ce1cc52755bfa7d2166f05af38e59a1b82b7d1d8de,0x9ae7fb,1707093209,external,0x,in,ETH,0.15,0x214e8348c4f0000,base
0x201f948e98513abe8dc70047ba98a050fe67e9fb,0xbaed383ede0e5d9d72430661f3285daa77e9439f,0x201f948e98513abe8dc70047ba98a050fe67e9fb,0x5604a5f10d77d0f3056c754687641ddc9c3a0ee93d07eb286f6f48e8327e0f68,0x9aedd5,1707096205,external,0x,in,ETH,9.9497,0x8a146f6f29b44000,base
0x201f948e98513abe8dc70047ba98a050fe67e9fb,0x7e685ec8a7783121a0248d74949addb742d27b53,0x201f948e98513abe8dc70047ba98a050fe67e9fb,0xa3b0d72814c8489b3b0b87c8746489336f6b73c85b1680cfa1a3dcd6693b4bf4,0x9aee45,1707096429,external,0x,in,ETH,11.75,0xa31062beeed70000,base
0x51f921fe904d11b816c64e08a24a7f7437456dd7,0x51f921fe904d11b816c64e08a24a7f7437456dd7,0x51f921fe904d11b816c64e08a24a7f7437456dd7,0x258959a29ae696e2e82117efdaedd1a96488d9adcc4c0e4477479978d75ac6f9,0x9e62ea,1707549367,external,0x01,out,ETH,0.95,0xd2f13f7789f0000,base
0x18edf91933ac7d1b22b9895062b4529cc259ddf7,0xfd92f4e91d54b9ef91cc3f97c011a6af0c2a7eda,0x18edf91933ac7d1b22b9895062b4529cc259ddf7,0x73702713dacadbf7074d30846e0289c1ecb5bfbec7bc98bf72f0b1977f204c96,0xa74379,1708712917,external,0x,in,ETH,0.2,0x2c68af0bb140000,base
0x18edf91933ac7d1b22b9895062b4529cc259ddf7,0x404e927b203375779a6abd52a2049ce0adf6609b,0x18edf91933ac7d1b22b9895062b4529cc259ddf7,0x7d0d659a453b89cf825a9ab6b3e924c2b91dd8c1085db6dfffb6ea8dbfdad635,0xa79d19,1708758805,erc20,0x7ff36ab5,in,BRETT,54606880.979378894,0x2d2b74f31411feeb6d33d5,base
0x18edf91933ac7d1b22b9895062b4529cc259ddf7,0x404e927b203375779a6abd52a2049ce0adf6609b,0x18edf91933ac7d1b22b9895062b4529cc259ddf7,0x65ca9910b62d374426ff4385ef84bbcf5477d2f05d36b1b12c8dff823fd76dee,0xa79e6f,1708759489,erc20,0x7ff36ab5,in,BRETT,7658703.359507941,0x655cb241b32ff78db47ae,base
0x18edf91933ac7d1b22b9895062b4529cc259ddf7,0x404e927b203375779a6abd52a2049ce0adf6609b,0x18edf91933ac7d1b22b9895062b4529cc259ddf7,0x733a9f2218d4bdbf9dfea34a355d284d31f60c023a423fc0b12367fb09e50f18,0xa7a038,1708760403,erc20,0x7ff36ab5,in,BRETT,2613456.6172880526,0x2296bc46130e21db295bc,base
0x84601ad1eb0ce142b44e5a0e3adcd79351e41dde,0xfd92f4e91d54b9ef91cc3f97c011a6af0c2a7eda,0x84601ad1eb0ce142b44e5a0e3adcd79351e41dde,0x2908a85f6486a9d926414f11a0e6ff6777faf3174e07db162f87169b7823f95f,0xa72466,1708697007,external,0x,in,ETH,0.05,0xb1a2bc2ec50000,base
0x84601ad1eb0ce142b44e5a0e3adcd79351e41dde,0x404e927b203375779a6abd52a2049ce0adf6609b,0x84601ad1eb0ce142b44e5a0e3adcd79351e41dde,0x14d8e5e5a32bc49154e4698b3b005c0da81aec040b8e59ab5a147c165e426f06,0xa79c3f,1708758369,erc20,0xfb3bdb41,in,BRETT,100000000.0,0x52b7d2dcc80cd2e4000000,base
0x329b3967cc086d9a7e47299b16ba1d2c045ad9a3,0x329b3967cc086d9a7e47299b16ba1d2c045ad9a3,0x404e927b203375779a6abd52a2049ce0adf6609b,0x6e71288603d88d816667cf0993de639ade16f713e438e0f9e51819a23a9e9ec6,0xa934cd,1708967549,erc20,0x8af033fb,out,BRETT,21037045.305133834,0x1166c482d9184733c7786c,base
0x329b3967cc086d9a7e47299b16ba1d2c045ad9a3,0x329b3967cc086d9a7e47299b16ba1d2c045ad9a3,0x284ab50815125e9667a97bb93163bce813f44592,0xb3a807ed90f55ae562d1bef1d266b16f25fcc5d5362b9c1ded3dc235f28d042a,0xa934fe,1708967647,external,0x,out,ETH,1.0653,0xec8b4b4af394000,base
0xd266d61ac22c2a2ac2dd832e79c14ea152c998d6,0xd266d61ac22c2a2ac2dd832e79c14ea152c998d6,0xd266d61ac22c2a2ac2dd832e79c14ea152c998d6,0x7dee835a78af49bc660642703369757d0ce0885364377e441713194745d78743,0x1e9d83,1690802153,external,0x,out,ETH,12.0,0xa688906bd8b00000,base
0xd266d61ac22c2a2ac2dd832e79c14ea152c998d6,0xd266d61ac22c2a2ac2dd832e79c14ea152c998d6,0xfcd3842f85ed87ba2889b4d35893403796e67ff1,0x1497d7a480233d01d844366c93c56bc1e628284a93d6980073f4afa6f0560199,0x1ea026,1690803503,external,0x7ff36ab5,out,ETH,1.0,0xde0b6b3a7640000,base
0xd266d61ac22c2a2ac2dd832e79c14ea152c998d6,0xd266d61ac22c2a2ac2dd832e79c14ea152c998d6,0xfcd3842f85ed87ba2889b4d35893403796e67ff1,0xd863bf80c9593ff28dd472e8191100765484c3117ad6c47b2881092f01dcd71a,0x1ea08c,1690803707,external,0x7ff36ab5,out,ETH,0.2,0x2c68af0bb140000,base
0xd266d61ac22c2a2ac2dd832e79c14ea152c998d6,0xd266d61ac22c2a2ac2dd832e79c14ea152c998d6,0x5b8235604885b9fb34e6dde5d8b47fb92c0371a9,0x75e70dd7db9aa5fc30569920a109cc9f09ef18ba0e111a0565cf6cb877d53052,0x1ef96d,1690849213,external,0x,out,ETH,1.0,0xde0b6b3a7640000,base
0xd266d61ac22c2a2ac2dd832e79c14ea152c998d6,0xd266d61ac22c2a2ac2dd832e79c14ea152c998d6,0xc4623408e3060f3c57e1a8d3716123f478e5d82f,0x5088af4cfb1828687c28420b7c257ac8e2be0195c40805a252b7d1c880f7da3b,0x1fa837,1690938705,external,0x7ff36ab5,out,ETH,1.0,0xde0b6b3a7640000,base
0x2736a134c88aebd921908f0f534600d05f57b1a4,0x3304e22ddaa22bcdc5fca2269b418046ae7b566a,0x2736a134c88aebd921908f0f534600d05f57b1a4,0x1f10d20dfe27450e4101a4630aa23ce53baccee0c385c28d312d1b89b5de0082,0x92042f,1705928001,external,0x,in,ETH,0.00372819,0xd3ec4e09aec00,base
0x2736a134c88aebd921908f0f534600d05f57b1a4,0xac202466370959fd5ade11d446df1e6ad67f0989,0x2736a134c88aebd921908f0f534600d05f57b1a4,0x0e6fd1d99cb4ea5c0504a3a96ca7e02b8512993a26a825143ba5ef71a2ba316d,0x9205a3,1705928745,external,0x,in,ETH,0.001,0x38d7ea4c68000,base
0x2736a134c88aebd921908f0f534600d05f57b1a4,0x2736a134c88aebd921908f0f534600d05f57b1a4,0x856e55762601e2f6ab4ff1b6219cbfdc78f370d1,0x2a40c6476aafa87fc91da4a63d85d787477c250dccdd3372d845ae00644bc50e,0x9205a8,1705928755,external,0x,out,ETH,0.003988193490242209,0xe2b3da8480aa1,base
0x2736a134c88aebd921908f0f534600d05f57b1a4,0x4d1756f6ff029579d533d6e8d7995853d5d40909,0x2736a134c88aebd921908f0f534600d05f57b1a4,0x505260f65df3f87670f391156f254b91e7ab20d5c75b77458390e179b39fedff,0x9207b5,1705929805,external,0x,in,ETH,0.003874147928365881,0xdc3845b13db39,base
0x2736a134c88aebd921908f0f534600d05f57b1a4,0x2736a134c88aebd921908f0f534600d05f57b1a4,0x1947b53ad28c9962cbb3ee76d72bcfe612a2c836,0xd0800f111fe0ba3d237f13d9f0cec2882d4e9faf87c081b8c3eeabf3b8b8de61,0x920a12,1705931015,external,0x,out,ETH,0.0045,0xffcb9e57d4000,base
0x2736a134c88aebd921908f0f534600d05f57b1a4,0x0f527b77a0923fe44d3a72d2df43d61e3f3b7457,0x2736a134c88aebd921908f0f534600d05f57b1a4,0x3d6902a06085dfb53ed3d78ededdc7b53131c2b143256123340f3351ec9af430,0x93e18f,1706172417,external,0x,in,ETH,0.011580732467785477,0x29249d64fb2f05,base
0x1bfc74841fe9ec54ee4013458c98f6907f17e31d,0x1bfc74841fe9ec54ee4013458c98f6907f17e31d,0x1bfc74841fe9ec54ee4013458c98f6907f17e31d,0x58ecc3d27a51c7655c6bfdf869af770281544536bf17d8207cd1ec33eab929af,0x1dd1af,1690697793,external,0x,out,ETH,0.2,0x2c68af0bb140000,base
0x1bfc74841fe9ec54ee4013458c98f6907f17e31d,0x1bfc74841fe9ec54ee4013458c98f6907f17e31d,0xfcd3842f85ed87ba2889b4d35893403796e67ff1,0xf8f8f6a22d1e41d70da41b750639fbc5d7b1e10eff0e407c7c464c105c30350d,0x1ddb60,1690702755,external,0x7ff36ab5,out,ETH,0.07,0xf8b0a10e470000,base
0x1bfc74841fe9ec54ee4013458c98f6907f17e31d,0x1bfc74841fe9ec54ee4013458c98f6907f17e31d,0xfcd3842f85ed87ba2889b4d35893403796e67ff1,0x594a12df289d325b75dcb052c2fd8c3bd8c60d24a199dc6110fb63b5c9a51d6a,0x1ddb76,1690702799,external,0x7ff36ab5,out,ETH,0.01,0x2386f26fc10000,base
0x1bfc74841fe9ec54ee4013458c98f6907f17e31d,0x1bfc74841fe9ec54ee4013458c98f6907f17e31d,0xfcd3842f85ed87ba2889b4d35893403796e67ff1,0x0767558b5b38e3dac93564429e673a5a13d3c09138678f6ea223f3016dd51736,0x1e3aa1,1690751525,external,0x7ff36ab5,out,ETH,0.19,0x2a303fe4b530000,base
0x1bfc74841fe9ec54ee4013458c98f6907f17e31d,0x1bfc74841fe9ec54ee4013458c98f6907f17e31d,0xfcd3842f85ed87ba2889b4d35893403796e67ff1,0xd8de1cac9398c4bac1688f824ff88bdf4ec1e950f5b0804f1f2c44e1e6e1d461,0x1e401d,1690754333,external,0x7ff36ab5,out,ETH,0.02,0x470de4df820000,base
0x1bfc74841fe9ec54ee4013458c98f6907f17e31d,0x97456c9b31420f34026972c25b8765bf51f105c6,0x1bfc74841fe9ec54ee4013458c98f6907f17e31d,0xa4e85327a3298956f18fc7dc79fd10d335f0864704182aacbe63d63872f683b6,0x2badb4,1692514379,external,0x,in,ETH,5.0,0x4563918244f40000,base
0x1bfc74841fe9ec54ee4013458c98f6907f17e31d,0xfc3ffd59c907f9bca9b00a25bf12485303ce1327,0x1bfc74841fe9ec54ee4013458c98f6907f17e31d,0xbe4cdadb0f1a1436a042bffcab74cb9e0b9ecafe9274d86b0c3776d60d10a975,0x47bf25,1696193325,external,0x,in,ETH,1.1,0xf43fc2c04ee0000,base
0x1bfc74841fe9ec54ee4013458c98f6907f17e31d,0xe4edb277e41dc89ab076a1f049f4a3efa700bce8,0x1bfc74841fe9ec54ee4013458c98f6907f17e31d,0x76cbd4f21603659b083cdd165210e955015d07cf2cdd9ce83475f5e9b3e2bc21,0x6098fd,1699450589,external,0x,in,ETH,1.0000000000000007,0xde0b6b3a76402f8,base
0x1bfc74841fe9ec54ee4013458c98f6907f17e31d,0xfc3ffd59c907f9bca9b00a25bf12485303ce1327,0x1bfc74841fe9ec54ee4013458c98f6907f17e31d,0x48e4e6bd475609329f244a4e3e68cfd37981a64bdffee52aa464d08717e53872,0x6b3f85,1700846573,external,0x,in,ETH,0.46,0x6623f9014ae0000,base
0x3d800647fe576d82d6a0f32df78eec09cbac85ce,0x3d800647fe576d82d6a0f32df78eec09cbac85ce,0x8172106015bb3aef17b384862ace7bd16325d4d8,0xb606e684681863c25ebefd5077ba245cf642a808df891e597fe3507f652060d1,0xa8c0ba,1708908119,erc20,0xa9059cbb,out,BRETT,12500000.0,0xa56fa5b99019a5c800000,base
0x3d800647fe576d82d6a0f32df78eec09cbac85ce,0x3d800647fe576d82d6a0f32df78eec09cbac85ce,0x404e927b203375779a6abd52a2049ce0adf6609b,0x46691e7cd39ba22da902a96c881c39071328a221b1791e4fd1fe5e6af1221f6c,0xa8cf72,1708915655,erc20,0x2646478b,out,BRETT,15718141.73128863,0xd00722bae12f85ddef1cf,base
0x3d800647fe576d82d6a0f32df78eec09cbac85ce,0x0a643f60b068f7f6d68508eee524a027468d31dd,0x3d800647fe576d82d6a0f32df78eec09cbac85ce,0xc6e9ac061645a1b862e8fd58faae628a5e4981c19cbdf9bb6151c55d166e090e,0xa8d0ef,1708916417,external,0x,in,ETH,1.07394094,0xee767984e72f800,base
0x3d800647fe576d82d6a0f32df78eec09cbac85ce,0xe1535baca9593d4b2d1c9083a616e23f1f1fd514,0x3d800647fe576d82d6a0f32df78eec09cbac85ce,0x6b683e50da1960f88c594c01060e05f04a215cc9bb71a801582c82fa06db37f7,0xa8d0f6,1708916431,external,0x,in,ETH,1.28645742,0x11da6a3521c3f800,base
0x9d84fc10bd28dc2e098cb2fa7426ae674b98ca81,0xbaed383ede0e5d9d72430661f3285daa77e9439f,0x9d84fc10bd28dc2e098cb2fa7426ae674b98ca81,0x6b0a0dfc0ad1a406909725983d90243484cb0795143fab69bb351eb147f645f7,0xa8be67,1708906929,external,0x,in,ETH,1.64572,0x16d6c59edfc18000,base
0x9d84fc10bd28dc2e098cb2fa7426ae674b98ca81,0x404e927b203375779a6abd52a2049ce0adf6609b,0x9d84fc10bd28dc2e098cb2fa7426ae674b98ca81,0x973fffd5b1097937a66ee11c15bb94b836b9c3e45c342445803239d27e26c72a,0xa8c21e,1708908831,erc20,0x2646478b,in,BRETT,27910924.957983717,0x17165e461633fb3dc9d318,base
0x9d84fc10bd28dc2e098cb2fa7426ae674b98ca81,0x404e927b203375779a6abd52a2049ce0adf6609b,0x9d84fc10bd28dc2e098cb2fa7426ae674b98ca81,0x8d477ce133fe66cf56ddb3667b3a3f698035e3d1f246e56860dbc022a5451a26,0xa8c25e,1708908959,erc20,0x2646478b,in,BRETT,16119190.972677384,0xd555f17f3d417fd24e97b,base
0x2eb9a4741825b1bc563a96b274a1cad3a8806c57,0x2eb9a4741825b1bc563a96b274a1cad3a8806c57,0x404e927b203375779a6abd52a2049ce0adf6609b,0x11c06170ea1f796059079f19648fc38b928457bf55fb56fe640b295d69d6b81c,0xa88230,1708876099,erc20,0x8af033fb,out,BRETT,16000000.0,0xd3c21bcecceda10000000,base
0x2eb9a4741825b1bc563a96b274a1cad3a8806c57,0x2eb9a4741825b1bc563a96b274a1cad3a8806c57,0x404e927b203375779a6abd52a2049ce0adf6609b,0xe48f841407d3afed24e7739bfc3d5d77aa05c66e95a8f844b43489223103ad23,0xa88331,1708876613,erc20,0x8af033fb,out,BRETT,20306603.5,0x10cc172e786d99cb7e0000,base
0x2eb9a4741825b1bc563a96b274a1cad3a8806c57,0x2eb9a4741825b1bc563a96b274a1cad3a8806c57,0x404e927b203375779a6abd52a2049ce0adf6609b,0x8ba0b2e8733cb0b999694f59a403b31810ded0afd0f4bbf870bcb5f7613ae47c,0xa8879b,1708878873,erc20,0x2646478b,out,BRETT,20996603.5,0x115e34280eccebd6be0000,base
0x2eb9a4741825b1bc563a96b274a1cad3a8806c57,0xe1690dd272fe718db57af1f2863cbe72b4ba407b,0x2eb9a4741825b1bc563a96b274a1cad3a8806c57,0xe1fa79d57c20e975ebc73c4937131024274cfd3b46837a26f6f36c1cd852084c,0xa89f2a,1708890935,erc20,0xa9059cbb,in,BRETT,35000000.0,0x1cf389cd46047d03000000,base
0xaa855c501a77385a5827bd7179a66d967fe35927,0xaa855c501a77385a5827bd7179a66d967fe35927,0xaa855c501a77385a5827bd7179a66d967fe35927,0xfde2d82670a5d370f763fc8abb4c8175b01e82e0d2215925444ef0ce4ca6a3d3,0x66565e,1700202911,external,0x01,out,ETH,0.0011,0x3e871b540c000,base
0xaa855c501a77385a5827bd7179a66d967fe35927,0x3304e22ddaa22bcdc5fca2269b418046ae7b566a,0xaa855c501a77385a5827bd7179a66d967fe35927,0xfde457f742702d230ac4d9cbaab4931593499840e4f3b803e6699e2b49a31bbf,0x6657bc,1700203611,external,0x,in,ETH,0.0024,0x886c98b760000,base
0xaa855c501a77385a5827bd7179a66d967fe35927,0xaa855c501a77385a5827bd7179a66d967fe35927,0xec8b0f7ffe3ae75d7ffab09429e3675bb63503e4,0xb93381af860714a6f667bd83d864a52cffa4425ca07003a0043450838981d5fc,0x66586d,1700203965,external,0x3593564c,out,ETH,0.00051,0x1cfd7a0d5e000,base
0xe1690dd272fe718db57af1f2863cbe72b4ba407b,0xe1690dd272fe718db57af1f2863cbe72b4ba407b,0x404e927b203375779a6abd52a2049ce0adf6609b,0xc1ff34cbb28f6f56370e6124cf8c5b0e35cc97d1d056c6b42e4ec7e5247f0bae,0xa894bc,1708885595,erc20,0x2646478b,out,BRETT,40362735.0,0x2163243fac4cbb8e5c0000,base
0xe1690dd272fe718db57af1f2863cbe72b4ba407b,0xe1690dd272fe718db57af1f2863cbe72b4ba407b,0x404e927b203375779a6abd52a2049ce0adf6609b,0x724bb75223661024cd90bb2b3262a6625e2a532234cf2b71c51f28c958951687,0xa8955c,1708885915,erc20,0x2646478b,out,BRETT,29512412.0,0x18697f0f6ecbc9e1f00000,base
0xe1690dd272fe718db57af1f2863cbe72b4ba407b,0xe1690dd272fe718db57af1f2863cbe72b4ba407b,0x404e927b203375779a6abd52a2049ce0adf6609b,0xd509e355010f8ff3949b1848c1e515ef4b1d460311ce8a69cf9944cd1cbeb33e,0xa8958e,1708886015,erc20,0x2646478b,out,BRETT,29487588.0,0x18643d593a6efa39100000,base
0xe1690dd272fe718db57af1f2863cbe72b4ba407b,0x2eb9a4741825b1bc563a96b274a1cad3a8806c57,0xe1690dd272fe718db57af1f2863cbe72b4ba407b,0x1e74a8f1a1caabfa50d7cbdf626925c96db72a83f7c3900748e94f9f1aabeff5,0xa8ad08,1708898035,external,0x,in,ETH,1.199,0x10a3b425bdb18000,base
0xb4af725144f4a0202745d3c94b4f81de8b9988d0,0xb4807865a786e9e9e26e6a9610f2078e7fc507fb,0xb4af725144f4a0202745d3c94b4f81de8b9988d0,0x3f9f641c27baf1bb26bf79a9341582c261c2900f34d0687d47c299bee734ddd3,0x91df5c,1705909147,external,0x,in,ETH,0.41250382,0x5b98209eb977800,base
0xb4af725144f4a0202745d3c94b4f81de8b9988d0,0xb4af725144f4a0202745d3c94b4f81de8b9988d0,0x3a23f943181408eac424116af7b7790c94cb97a5,0x4a1ee2a6e349eafca069a4bcc5d687d669a2d9911d2b43e9fb274336834716de,0x91e1eb,1705910457,external,0x00000186,out,ETH,0.41150382,0x5b5f48b46d0f800,base
0x1d073998d6cfbc305d53a9e8df341ae775928b9b,0x1d073998d6cfbc305d53a9e8df341ae775928b9b,0x404e927b203375779a6abd52a2049ce0adf6609b,0x0f6d0fb250b27f736047eb0e56ed16eca5b122af993bc46cddbabf6b5eb4bb8d,0xa9237d,1708958685,erc20,0x8af033fb,out,BRETT,33086520.104946643,0x1b5e57d950c070d5464050,base
0x1d073998d6cfbc305d53a9e8df341ae775928b9b,0x1d073998d6cfbc305d53a9e8df341ae775928b9b,0xee631396194deaf0c430e23624009a851f959597,0xafa6714634a452127fb5f205f977011556e9b37de38715df8b892c3c90da943c,0xa923ac,1708958779,external,0x,out,ETH,1.1688,0x103869684d7a0000,base
0x1d073998d6cfbc305d53a9e8df341ae775928b9b,0x1d073998d6cfbc305d53a9e8df341ae775928b9b,0x404e927b203375779a6abd52a2049ce0adf6609b,0x19dee55aed8d393b192398c68974be2bfa8bb26e3a8056a6bbabdb34ec100eb7,0xa9412d,1708973885,erc20,0x8af033fb,out,BRETT,19206190.44752668,0xfe311aba0935703f6dfd8,base
0xd26577d6bc29660e1357ea3cc0a313cd540aa1dc,0xd26577d6bc29660e1357ea3cc0a313cd540aa1dc,0x404e927b203375779a6abd52a2049ce0adf6609b,0xddd67361e32cbf11962d678a2c33dc4ce8741c9a4697654679efda678785a976,0xa954bb,1708983897,erc20,0x8af033fb,out,BRETT,50000000.0,0x295be96e64066972000000,base
0xd26577d6bc29660e1357ea3cc0a313cd540aa1dc,0xd26577d6bc29660e1357ea3cc0a313cd540aa1dc,0xb5f79e70759ca3734c2b3ebbdf9458831c0bb601,0x8da31b69c36e5c260e2497c4d0b43aff9e76cb6be858fc760845c520be0c7678,0xa9551a,1708984087,external,0x,out,ETH,1.6907386197879146,0x1776b5d1187e2d42,base
0x124e3ffe31785e7fac39908bad7cc3c21fa10dbd,0x124e3ffe31785e7fac39908bad7cc3c21fa10dbd,0x4eb7fc78cfa4887587e84783e2498c917cab9fc9,0x3fe803e33dab986d5cea73b1fb810928d6e1048e3b6ad600467131792250937e,0xa89839,1708887381,external,0x09c182c3,out,ETH,0.25,0x3782dace9d90000,base
0xe1535baca9593d4b2d1c9083a616e23f1f1fd514,0xe1535baca9593d4b2d1c9083a616e23f1f1fd514,0x404e927b203375779a6abd52a2049ce0adf6609b,0x87080c1e659b153d07f9f9d7a56e52ad43de275e47d235bb88b02ddb1891e912,0xa8bd46,1708906351,erc20,0x2646478b,out,BRETT,50058233.0,0x29683e3f9baec13c440000,base
0xe1535baca9593d4b2d1c9083a616e23f1f1fd514,0xe1535baca9593d4b2d1c9083a616e23f1f1fd514,0x4304b9acc3ff1567f2f33652981340ff18cc0b77,0x00a1e7a9f4af4253bd3849d1f601e1ae8349ba09664d2f772044d3c6172745ca,0xa8befb,1708907225,external,0x,out,ETH,1.965,0x1b451516c7a48000,base
0xe1535baca9593d4b2d1c9083a616e23f1f1fd514,0xe1535baca9593d4b2d1c9083a616e23f1f1fd514,0x287111daf84f4d15fefcc037d531381977db3872,0x407ad2cbd80600c2de6c74792036c13fa0c291476ca61b3febdcf95628de093c,0xa8ce8c,1708915195,erc20,0xa9059cbb,out,BRETT,4878879.0,0x409248f808333cd1c0000,base
0xe1535baca9593d4b2d1c9083a616e23f1f1fd514,0xe1535baca9593d4b2d1c9083a616e23f1f1fd514,0x2124a11daf69c32f01147aa47eec71c3957b0e21,0x00b5de8217921ac94e6c747f14c01e8b02a2567682c54a360c4c5ad60cb03d7e,0xa8ce9f,1708915233,erc20,0xa9059cbb,out,BRETT,4878879.0,0x409248f808333cd1c0000,base
0xbe3fa8b2b8f20871660e644d7e8fba99bbba6c1b,0xbe3fa8b2b8f20871660e644d7e8fba99bbba6c1b,0xbe3fa8b2b8f20871660e644d7e8fba99bbba6c1b,0xb72bd1bdea2352fdf62061403bfbb72137291a0dc7c204cf7bb22dfd56b31f6d,0x5d05b8,1698981971,external,0x01,out,ETH,0.1,0x16345785d8a0000,base
0xbe3fa8b2b8f20871660e644d7e8fba99bbba6c1b,0xbe3fa8b2b8f20871660e644d7e8fba99bbba6c1b,0x4200000000000000000000000000000000000016,0x1cf0107a173be515ae2de9dabe9daa0d110f5d33da5f1c6107544538ab18683d,0x6cf654,1701071243,external,0xc2b3e5ac,out,ETH,0.099,0x15fb7f9b8c38000,base
0xbe3fa8b2b8f20871660e644d7e8fba99bbba6c1b,0xbe3fa8b2b8f20871660e644d7e8fba99bbba6c1b,0xbe3fa8b2b8f20871660e644d7e8fba99bbba6c1b,0xedaacdebab4fa14abc6478d9ffc8e08463cd04cb250b212c5fcf430f12298ec2,0x6e4b0a,1701245687,external,0x01,out,ETH,2.0,0x1bc16d674ec80000,base
0xbe3fa8b2b8f20871660e644d7e8fba99bbba6c1b,0xbe3fa8b2b8f20871660e644d7e8fba99bbba6c1b,0x83ec81ae54dd8dca17c3dd4703141599090751d1,0x469ad06c5193b986575f18ecdf31a16523e0c61db044fd6c72475c5453e04b81,0x6e4dc9,1701247093,external,0x2646478b,out,ETH,0.1,0x16345785d8a0000,base
0xbe3fa8b2b8f20871660e644d7e8fba99bbba6c1b,0xbe3fa8b2b8f20871660e644d7e8fba99bbba6c1b,0x83ec81ae54dd8dca17c3dd4703141599090751d1,0xd160f3d502cf9a83995eed73e4373f4edda7c539f50fb8d65a41421a0d55ede4,0x6e4dea,1701247159,external,0x2646478b,out,ETH,1.8908210724641352,0x1a3d8bbf560c4449,base
0xbe3fa8b2b8f20871660e644d7e8fba99bbba6c1b,0xbe3fa8b2b8f20871660e644d7e8fba99bbba6c1b,0xbe3fa8b2b8f20871660e644d7e8fba99bbba6c1b,0x7a06eafc7bf787188759337cefbe809c72fb254a70e31415432588f93856ac0f,0x747cb3,1702057545,external,0x01,out,ETH,2.036463,0x1c42f84f1139f000,base
0xbe3fa8b2b8f20871660e644d7e8fba99bbba6c1b,0xbe3fa8b2b8f20871660e644d7e8fba99bbba6c1b,0xbe3fa8b2b8f20871660e644d7e8fba99bbba6c1b,0x810c6d69afca95348cfc6e669e239c908c7aae1d09f15e30ccaa6ec9c4ab95ad,0xa837dd,1708838045,external,0x01,out,ETH,6.736175,0x5d7bb37903ddf000,base
0xb331aa229758e0686b501689c36a37f32b174d1a,0xb331aa229758e0686b501689c36a37f32b174d1a,0xb331aa229758e0686b501689c36a37f32b174d1a,0x6a4b35df2c7d1c1be470c60a107b88eb9f9652e35a1ad00100c1e5726979af2f,0x788f20,1702591267,external,0x01,out,ETH,5.0,0x4563918244f40000,base
0xb331aa229758e0686b501689c36a37f32b174d1a,0xb331aa229758e0686b501689c36a37f32b174d1a,0xec8b0f7ffe3ae75d7ffab09429e3675bb63503e4,0xf25831f61af1143cd443ab7524320022199c04e63411819b8ffc2af94ed124e7,0x79c542,1702750055,external,0x3593564c,out,ETH,4.9,0x44004c09e76a0000,base
0xb331aa229758e0686b501689c36a37f32b174d1a,0xb331aa229758e0686b501689c36a37f32b174d1a,0xec8b0f7ffe3ae75d7ffab09429e3675bb63503e4,0xec04aa117c97b11f354b64514d1aff0c8f293afe9a022ce095f4bb6fa222b00d,0x7bb105,1703001837,external,0x3593564c,out,ETH,0.2,0x2c68af0bb140000,base
0xb331aa229758e0686b501689c36a37f32b174d1a,0xb331aa229758e0686b501689c36a37f32b174d1a,0xec8b0f7ffe3ae75d7ffab09429e3675bb63503e4,0x1316ec20dbd725140a968d98815583f849cfa38a03eb115b12a97e93deb8eba6,0x7bb132,1703001927,external,0x3593564c,out,ETH,0.1,0x16345785d8a0000,base
0xb331aa229758e0686b501689c36a37f32b174d1a,0xb331aa229758e0686b501689c36a37f32b174d1a,0xec8b0f7ffe3ae75d7ffab09429e3675bb63503e4,0x7dc46b6a6434b959b5b7876e32bb540dd1425b19a83c39c8fe7a4c6d57905dec,0x7bb4e3,1703003817,external,0x3593564c,out,ETH,0.3,0x429d069189e0000,base
0x0000000000000000000000000000000000000000,0x742e132eac0e940953f56782e5b008cdbd0ecf21,,0x4c446dd2c7e9edddf9f20f06346a6373cf79b9d9dcd2843817de41eaf5a76260,0x134e46,1689319791,external,0x60806040,unknown,ETH,0.00069,0x2738d24e52000,base
0x0000000000000000000000000000000000000000,0xcd2230f7a6e0cf2a3a95b4eb72b51378fa36ab3b,,0x5d0d30d25d0057db5d4f7b50c741f404126f71c76e20765f5627888fefcdee6a,0x1411d3,1689419913,external,0x60806040,unknown,ETH,0.00099,0x384665653e000,base
0x0000000000000000000000000000000000000000,0x63a370abfc8ed6132025f6dc8244ddf6205c174b,,0xca770a705b5597dbec7ad2d564bdeb343de7add8e70dc1aae1d3c0694b2bf6a8,0x15ba84,1689637355,external,0x60806040,unknown,ETH,0.00099,0x384665653e000,base
0x0000000000000000000000000000000000000000,0x2436d73e4d4023f7fe02e83d89ab1be36dcd97cd,,0x361a5e19abd16f75b9b168e98bd562df42bd1512a8aa9c49c4de98e7ab7a9ef6,0x166be2,1689728167,external,0x,unknown,ETH,0.0012,0x44364c5bb0000,base
0x0000000000000000000000000000000000000000,0xd49fc98eea8388d6b7a2b1e015204b6274793899,,0x7c181027942ad53dd2cd20312d1be493f579adfe1d7f9738f2a09ae36d6dee7c,0x18a3bc,1690018907,external,0x60806040,unknown,ETH,0.00099,0x384665653e000,base
0x39f0ce00b9116619edea8e22e545f15fb7f2ffbd,0x39f0ce00b9116619edea8e22e545f15fb7f2ffbd,0x4563c84255348f62f8b82a188151b64bf21de67f,0xd609dd2e2de954ef050591d1a4e77f4de5e3c2b1f904335b7d0a9dde49813993,0xa84355,1708843917,erc20,0xa9059cbb,out,BRETT,150.0,0x821ab0d4414980000,base
0x39f0ce00b9116619edea8e22e545f15fb7f2ffbd,0x39f0ce00b9116619edea8e22e545f15fb7f2ffbd,0x09c8c29e57d6da82164b0989e01f770ad890fc48,0x86fb854708c3e51fbd9484d1ed9811e7f229e42a6c8d0507f5d73818016be282,0xa8791a,1708871447,erc20,0xa9059cbb,out,BRETT,10.0,0x8ac7230489e80000,base
0x39f0ce00b9116619edea8e22e545f15fb7f2ffbd,0x39f0ce00b9116619edea8e22e545f15fb7f2ffbd,0xc9d96b8886116b99ffd9c360a606395413493010,0x2408ab52ab5cac94afc0210c747fcf7d883305fe834b38fd80bed2cfc370211e,0xa88493,1708877321,erc20,0xa9059cbb,out,BRETT,25.0,0x15af1d78b58c40000,base
0x39f0ce00b9116619edea8e22e545f15fb7f2ffbd,0x39f0ce00b9116619edea8e22e545f15fb7f2ffbd,0x404e927b203375779a6abd52a2049ce0adf6609b,0x10670da0c1c30775f59f7b91c763eb6105099e0b4c43e31886c909ae1bf05850,0xa88fbe,1708883039,erc20,0x2646478b,out,BRETT,140000.0,0x1da56a4b0835bf800000,base
0x39f0ce00b9116619edea8e22e545f15fb7f2ffbd,0x404e927b203375779a6abd52a2049ce0adf6609b,0x39f0ce00b9116619edea8e22e545f15fb7f2ffbd,0x4944aa43d7339ee3a5143fc9ecf28f58f27962d1066567edc155469172d68c53,0xa8996b,1708887993,erc20,0x2646478b,in,BRETT,230495.79821542872,0x30cf33c739dab85c15cd,base
0xb5f79e70759ca3734c2b3ebbdf9458831c0bb601,0xb5f79e70759ca3734c2b3ebbdf9458831c0bb601,0x404e927b203375779a6abd52a2049ce0adf6609b,0xec116fdfe694fb37e639031282e1f48bd4e1d131ba58161982301f4dd407b6a1,0xa95483,1708983785,erc20,0x8af033fb,out,BRETT,50000000.0,0x295be96e64066972000000,base
0xb5f79e70759ca3734c2b3ebbdf9458831c0bb601,0xd26577d6bc29660e1357ea3cc0a313cd540aa1dc,0xb5f79e70759ca3734c2b3ebbdf9458831c0bb601,0x8da31b69c36e5c260e2497c4d0b43aff9e76cb6be858fc760845c520be0c7678,0xa9551a,1708984087,external,0x,in,ETH,1.6907386197879146,0x1776b5d1187e2d42,base
0xb5f79e70759ca3734c2b3ebbdf9458831c0bb601,0xb5f79e70759ca3734c2b3ebbdf9458831c0bb601,0xf1d4de8ef13a2eb2a6ddb45acd705fdbab91d28b,0xbacb5f3de49c6f70c685bac84c9302989deacc7f98b152a0232027d3f6511387,0xa95622,1708984615,external,0x,out,ETH,3.775,0x34637e7fcb198000,base
0x309f1bc8a6318ac0963beac32de02abcf264a3a2,0x309f1bc8a6318ac0963beac32de02abcf264a3a2,0x404e927b203375779a6abd52a2049ce0adf6609b,0x05e27cc520a84874b23698b2b7714dbcda88d83f4518040b0309099d774f2797,0xa8b96b,1708904377,erc20,0x2646478b,out,BRETT,39106058.0,0x205907a6ec90d5a1e80000,base
0x309f1bc8a6318ac0963beac32de02abcf264a3a2,0x309f1bc8a6318ac0963beac32de02abcf264a3a2,0x404e927b203375779a6abd52a2049ce0adf6609b,0x86ebcfa48e60a9c8e7aea77eed6296ce43e8ad8a31073ba6a146b67e934221d8,0xa8b97f,1708904417,erc20,0x2646478b,out,BRETT,40000000.0,0x2116545850052128000000,base
0x309f1bc8a6318ac0963beac32de02abcf264a3a2,0x309f1bc8a6318ac0963beac32de02abcf264a3a2,0x7df5eb76face41917bf6aa6a0b9797b150d290cf,0xa69d913a2571d639873556cf2185aa088d096b034448670d2cbea9d0449d7dee,0xa8b9ae,1708904511,external,0x,out,ETH,3.53,0x30fd144c19210000,base
0x0a643f60b068f7f6d68508eee524a027468d31dd,0x0a643f60b068f7f6d68508eee524a027468d31dd,0x404e927b203375779a6abd52a2049ce0adf6609b,0x816f94c9583006d47d02ac6fec5023aa255361a2ac607a6ac40c7ace452df884,0xa8cfcb,1708915833,erc20,0x2646478b,out,BRETT,27883185.766667243,0x17107e8779c62ed780f9f8,base
0x0a643f60b068f7f6d68508eee524a027468d31dd,0x0a643f60b068f7f6d68508eee524a027468d31dd,0x3d800647fe576d82d6a0f32df78eec09cbac85ce,0xc6e9ac061645a1b862e8fd58faae628a5e4981c19cbdf9bb6151c55d166e090e,0xa8d0ef,1708916417,external,0x,out,ETH,1.07394094,0xee767984e72f800,base
0x973fc894e8046e686502784ad7ca40f48be93c7e,0x973fc894e8046e686502784ad7ca40f48be93c7e,0x404e927b203375779a6abd52a2049ce0adf6609b,0x96e809ed2bc8f2d453b032b045522a83223b3a94af29433019ab79a71afc0fc5,0xa9164d,1708951933,erc20,0x8af033fb,out,BRETT,15498888.78236661,0xcd20471c7524d6e0f54f6,base
0x973fc894e8046e686502784ad7ca40f48be93c7e,0x973fc894e8046e686502784ad7ca40f48be93c7e,0x404e927b203375779a6abd52a2049ce0adf6609b,0x9a52552079eb521f61146a1bf95e9b2debfc06a856a29fc91b2b8753f390956a,0xa9166a,1708951991,erc20,0x8af033fb,out,BRETT,16498888.78236661,0xda5c68d961f3b0f0f54f6,base
0x973fc894e8046e686502784ad7ca40f48be93c7e,0x973fc894e8046e686502784ad7ca40f48be93c7e,0x33e13eb82d1707e2daa244607ea3dbc674ede88a,0x16f5d21e1c1af5055ae0ea818733a72520432704f967c8a07215fa2a1a3b3dd3,0xa916b2,1708952135,external,0x,out,ETH,1.1433,0xfddd14ae3b44000,base
0x9fa4697fae641986e26d4a0c3961f9b96455c4a7,0x9fa4697fae641986e26d4a0c3961f9b96455c4a7,0x404e927b203375779a6abd52a2049ce0adf6609b,0x46f405e34007683a6107f3b4a9d56ccdeb5db1abc83282616689211bec2b6fae,0xa9127a,1708949975,erc20,0x8af033fb,out,BRETT,37736864.0,0x1f37177f1fd58d42800000,base
0x9fa4697fae641986e26d4a0c3961f9b96455c4a7,0x9fa4697fae641986e26d4a0c3961f9b96455c4a7,0x404e927b203375779a6abd52a2049ce0adf6609b,0x15964f1cac8b9bb9412262b8c31e3a0060160d6fce46160a3affcb8ebd689049,0xa912ab,1708950073,erc20,0x8af033fb,out,BRETT,37736864.0,0x1f37177f1fd58d42800000,base
0x9fa4697fae641986e26d4a0c3961f9b96455c4a7,0x9fa4697fae641986e26d4a0c3961f9b96455c4a7,0x08444d7a745d7de9bd54ce7772d807cd557d39d8,0x14d7bcb7088081c2d26988f34ba47a2969b65595f7d947deda2d5a4a5560f877,0xa91315,1708950285,external,0x,out,ETH,2.5362,0x233264766f588000,base
0x8f0e6aeafec12d4485b4e712662097261079f662,0x003bbe85f4c474f15bb3513caee8cb83f5dd5b60,0x8f0e6aeafec12d4485b4e712662097261079f662,0xa59cb2d7d98053684887b8e323c4540d61a0e0794ef3e1881f23f55166fdba7c,0xa89ba3,1708889129,external,0x,in,ETH,0.04281334,0x981a8182591800,base
0x8f0e6aeafec12d4485b4e712662097261079f662,0x1bc5cf80f308518f000dde4c8f8139268aa014db,0x8f0e6aeafec12d4485b4e712662097261079f662,0xa0bea2883d701808328f6511a74fea6ed25219a8e0bbad83e03250819937f07b,0xa89be2,1708889255,erc20,0xe21fd0e9,in,BRETT,503119.4258764753,0x6a8a28a261b117748e87,base
0x905e254dcd1e03317bf5388793c7cb178aca9f75,0x404e927b203375779a6abd52a2049ce0adf6609b,0x905e254dcd1e03317bf5388793c7cb178aca9f75,0x149140f20e79476a18d0339cd38a621bb186ac9efe815ffb79ec344692d4e47e,0xa91ca0,1708955171,erc20,0x2646478b,in,BRETT,3880452.929723847,0x335b7c65b5f13738aa139,base
0xd5f509aa81b033f1a61b2d2ed8c74b4756fb36b1,0x404e927b203375779a6abd52a2049ce0adf6609b,0xd5f509aa81b033f1a61b2d2ed8c74b4756fb36b1,0x3b0ef6e8cba1df256a92831e577c31671fe3318bd76db2d6feee0b4c43c59c31,0xa895f2,1708886215,erc20,0x2646478b,in,BRETT,12747356.571845392,0xa8b5b959d57b35e671da2,base
0x57bb7989a2423a86e6dcc622b7fa18c99bc6f89d,0xe4edb277e41dc89ab076a1f049f4a3efa700bce8,0x57bb7989a2423a86e6dcc622b7fa18c99bc6f89d,0xef36dab327106a0fe5a8365dd4befab5a1e475248c5ff756851466579549d965,0x7b66f2,1702963911,external,0x,in,ETH,0.045000000000000005,0x9fdf42f6e48005,base
0x57bb7989a2423a86e6dcc622b7fa18c99bc6f89d,0x57bb7989a2423a86e6dcc622b7fa18c99bc6f89d,0x80c67432656d59144ceff962e8faf8926599bcf8,0x90ebe66ca65ff35a9fb0989be7c1874a0ee1ae9f77ac6d2ec845a813f6d6df9c,0x7b6ad8,1702965907,external,0x,out,ETH,0.04491600000000903,0x9f92dd30bb6347,base
0x3f59dde6002b18163262e0ef593e67c7ecd754f7,0x3f59dde6002b18163262e0ef593e67c7ecd754f7,0x404e927b203375779a6abd52a2049ce0adf6609b,0x9fe1af28bca5ca869a75b65f798cfa5f41580ad006ae9d58ae120a152fecea16,0xa8916b,1708883897,erc20,0x2646478b,out,BRETT,81601981.0,0x437fe44103eb2808d40000,base
0x3f59dde6002b18163262e0ef593e67c7ecd754f7,0x2eb9a4741825b1bc563a96b274a1cad3a8806c57,0x3f59dde6002b18163262e0ef593e67c7ecd754f7,0xe797414416c3574b13c457eab845a1ed201e26f7691d5cc2668c444a5d91ce9f,0xa8a159,1708892053,external,0x,in,ETH,0.6,0x853a0d2313c0000,base
0x3f59dde6002b18163262e0ef593e67c7ecd754f7,0x3f59dde6002b18163262e0ef593e67c7ecd754f7,0x804b526e5bf4349819fe2db65349d0825870f8ee,0xc5e1f57d146bac9c012873b4641fd9ca1e449615647ea74e485397719aac6432,0xa8a2c0,1708892771,external,0xbcc53325,out,ETH,4.960587437876743,0x44d78bfe0fe88cde,base
0x9fbe8599d79acbfb40a83bd3d33620db2f701e0c,0x9fbe8599d79acbfb40a83bd3d33620db2f701e0c,0x8172106015bb3aef17b384862ace7bd16325d4d8,0xbfc908da78738a747098c2e632969514316ff6b1bf2ff74c1191438b99521feb,0xa8c0fb,1708908249,erc20,0xa9059cbb,out,BRETT,110313070.43997677,0x5b3fb387fe96b2b4177c3d,base
0x94d42ce30b20a9f8c3636fa8c61bd2880adf2092,0x94d42ce30b20a9f8c3636fa8c61bd2880adf2092,0x94d42ce30b20a9f8c3636fa8c61bd2880adf2092,0x5b0a100bb1931a6d84cc956bf137b80e345bf917f1114fb99373cab53cdd336d,0x1e18d7,1690734225,external,0x,out,ETH,0.16,0x2386f26fc100000,base
0x94d42ce30b20a9f8c3636fa8c61bd2880adf2092,0x94d42ce30b20a9f8c3636fa8c61bd2880adf2092,0xfcd3842f85ed87ba2889b4d35893403796e67ff1,0x5371ad36fe14c43cdf2f8cb116303ae580ab1c3ed5b6c133f75bfd652e88dfb1,0x1e1f17,1690737425,external,0x7ff36ab5,out,ETH,0.145,0x20324bb546e8000,base
0x94d42ce30b20a9f8c3636fa8c61bd2880adf2092,0x94d42ce30b20a9f8c3636fa8c61bd2880adf2092,0x94d42ce30b20a9f8c3636fa8c61bd2880adf2092,0xa5bc15eb0fabfde5eb317a79e03ce15ad29fe8fb443acc9320f7314b8dc06114,0x1e209a,1690738199,external,0x,out,ETH,0.16,0x2386f26fc100000,base
0x94d42ce30b20a9f8c3636fa8c61bd2880adf2092,0x94d42ce30b20a9f8c3636fa8c61bd2880adf2092,0x62d1ed2300a42fb66e583da3099849700ebbfe7a,0x991abf043029bf7183bc685cbfbb9c7136ef6c5a6a573f43c668eaaf2dbf424d,0x1e2dac,1690744891,external,0x7ff36ab5,out,ETH,0.165,0x24a32a033f08000,base
0x94d42ce30b20a9f8c3636fa8c61bd2880adf2092,0x94d42ce30b20a9f8c3636fa8c61bd2880adf2092,0xfcd3842f85ed87ba2889b4d35893403796e67ff1,0x7e98ee8d7d186a2cc1f552e4a0914f759cba8bbbf85b2158678594afba9f1d77,0x1e3608,1690749171,external,0x7ff36ab5,out,ETH,0.05815353766332242,0xce9a559adac934,base
0x94d42ce30b20a9f8c3636fa8c61bd2880adf2092,0x94d42ce30b20a9f8c3636fa8c61bd2880adf2092,0x94d42ce30b20a9f8c3636fa8c61bd2880adf2092,0x65f6efd694f11f418d988553e437bc4443b35c41fb909dbd4717f48418d6662d,0x1e47f0,1690758339,external,0x,out,ETH,0.5,0x6f05b59d3b20000,base
0x94d42ce30b20a9f8c3636fa8c61bd2880adf2092,0x94d42ce30b20a9f8c3636fa8c61bd2880adf2092,0x94d42ce30b20a9f8c3636fa8c61bd2880adf2092,0xf4bdff613341f79ca75ed059c49bdf8dbd139a374117683e1c7e6f65eb191f19,0x1f9b88,1690932211,external,0x,out,ETH,0.12,0x1aa535d3d0c0000,base
0x94d42ce30b20a9f8c3636fa8c61bd2880adf2092,0x94d42ce30b20a9f8c3636fa8c61bd2880adf2092,0x94d42ce30b20a9f8c3636fa8c61bd2880adf2092,0xd141d6b9001b910ea606905f03cf29cb48d2598b37ac745a5e9b6fb1089cf94a,0x1f9c48,1690932595,external,0x,out,ETH,0.6,0x853a0d2313c0000,base
0x4b34f943181408eac424116af7b7790c94cba8b6,0x4b34f943181408eac424116af7b7790c94cba8b6,0x97454f63df8efdabf7ed6f634c7922035e899971,0x28ca9d992ebc99dd932c3e296f3a70716879b4442dec12daf68a58c9a3b097c4,0x7cf9bf,1703170145,external,0x,out,ETH,0.007170840305149532,0x1979d75d21265c,base
0x4b34f943181408eac424116af7b7790c94cba8b6,0x4b34f943181408eac424116af7b7790c94cba8b6,0x53ea79b7339ccd0897f0882dc3ab8d4520c2c305,0xba25acc9c3e58014a7a546da0d05a34046fd672880155acc90a2d0b280b4f2d2,0x7e3a0b,1703334137,external,0x,out,ETH,0.00026150798580012,0xedd712997bb8,base
0x4b34f943181408eac424116af7b7790c94cba8b6,0x4b34f943181408eac424116af7b7790c94cba8b6,0xb27dc94e05b65b8fbf5569ef724bb8126ca8dd71,0x330014087116e618f088af5d9f3faffd08580a3e29bdf737e030ad48b3b0af36,0x7e3bbb,1703335001,external,0x,out,ETH,0.07058898362894964,0xfac84e7e426880,base
0x4b34f943181408eac424116af7b7790c94cba8b6,0x4b34f943181408eac424116af7b7790c94cba8b6,0x53ea79b7339ccd0897f0882dc3ab8d4520c2c305,0x2453578494a6ca00d44b97d8d4bde7102f04014b5d539c2c7c92bd02026213ca,0x7e3bf1,1703335109,external,0x,out,ETH,0.5,0x6f05b59d3b20000,base
0x4b34f943181408eac424116af7b7790c94cba8b6,0x4b34f943181408eac424116af7b7790c94cba8b6,0xca5f13c75d44956e5d13b8da5452e7c4d787d572,0xf2c7dfb3a0151d4f577308ad73a8afff5bc338ac6618ee002b7e95452b14c6e2,0x7e3d65,1703335853,external,0x,out,ETH,0.09768179529710433,0x15b091345b4d1c7,base
0xbd83ed0980556c2781eb6b70855c52c71ab216ac,0xbd83ed0980556c2781eb6b70855c52c71ab216ac,0xec8b0f7ffe3ae75d7ffab09429e3675bb63503e4,0x6c65c0daff1c2e84769873ff6b5e155c88468e5afb1495e2486a1c74cc08ea3a,0x8550d9,1704263317,external,0x3593564c,out,ETH,0.009,0x1ff973cafa8000,base
0xbd83ed0980556c2781eb6b70855c52c71ab216ac,0xbd83ed0980556c2781eb6b70855c52c71ab216ac,0x4200000000000000000000000000000000000006,0xb6e124c8f56feb73c109a2d3f0691ece254b1c918103197322d747a61f1c1813,0x8551bb,1704263769,external,0xd0e30db0,out,ETH,0.001,0x38d7ea4c68000,base
0xbd83ed0980556c2781eb6b70855c52c71ab216ac,0xbd83ed0980556c2781eb6b70855c52c71ab216ac,0x6352a56caadc4f1e25cd6c75970fa768a3304e64,0x954e91edf963abc2d1f9802ad27607fdbc90805cbe4b946fdcb16219311e98f8,0x8551ec,1704263867,external,0x90411a32,out,ETH,0.018,0x3ff2e795f50000,base
0xbd83ed0980556c2781eb6b70855c52c71ab216ac,0xbd83ed0980556c2781eb6b70855c52c71ab216ac,0x3335733c454805df6a77f825f266e136fb4a3333,0x46e51702ef1b8669623f6bfc3a36f11f7f8c90950d009bdaf1434e5ee14b08a6,0x855419,1704264981,external,0xe1fcde8e,out,ETH,0.000464227083008022,0x1a6364a60b816,base
0xbd83ed0980556c2781eb6b70855c52c71ab216ac,0xbd83ed0980556c2781eb6b70855c52c71ab216ac,0x50b6ebc2103bfec165949cc946d739d5650d7ae4,0x81cf9452dde3b6ff9dc684b3da8d0468d7115b6578b23cd1c9b83c796056e94a,0x855479,1704265173,external,0xed995307,out,ETH,0.001,0x38d7ea4c68000,base
0xbd83ed0980556c2781eb6b70855c52c71ab216ac,0xbd83ed0980556c2781eb6b70855c52c71ab216ac,0xbd83ed0980556c2781eb6b70855c52c71ab216ac,0x0bd6939344605eaa8522e16b3a53070854bd0b3cabeb6f9f8954dbb36ea84a42,0x93c5a9,1706158133,external,0x01,out,ETH,0.017,0x3c6568f12e8000,base
0xfceffddcb543287ce10f5e9e7f8de4157b3c1701,0xfceffddcb543287ce10f5e9e7f8de4157b3c1701,0x404e927b203375779a6abd52a2049ce0adf6609b,0x43475c4c364da0e7fbdab7f0ad04aa3cd768e96b990b679e427b7c22ce7a8639,0xa8efca,1708932215,erc20,0x2646478b,out,BRETT,10000000.0,0x84595161401484a000000,base
0xfceffddcb543287ce10f5e9e7f8de4157b3c1701,0xfceffddcb543287ce10f5e9e7f8de4157b3c1701,0x60ff63a5777c0ae8329c10c10e27ca0af404525f,0x09e13957b3a29859dd52c0cf5d2d19d7708f320c2d5e070bde8c7e560daf408a,0xa8f056,1708932495,external,0x,out,ETH,0.4611,0x6662801c9eec000,base
0xfceffddcb543287ce10f5e9e7f8de4157b3c1701,0xfceffddcb543287ce10f5e9e7f8de4157b3c1701,0x404e927b203375779a6abd52a2049ce0adf6609b,0x4be05d5df1fa17537f288b1350cad894ce09c0feca8226522f52bf057a4efc15,0xa8f0b6,1708932687,erc20,0x2646478b,out,BRETT,20000000.0,0x108b2a2c28029094000000,base
0xfceffddcb543287ce10f5e9e7f8de4157b3c1701,0xfceffddcb543287ce10f5e9e7f8de4157b3c1701,0x60ff63a5777c0ae8329c10c10e27ca0af404525f,0x19a5b4e82976865a9ed9ada561fe6fcc262877cacde0898d9c4cdb780f39f4ec,0xa8f2e8,1708933811,external,0x,out,ETH,0.803,0xb24d43edaa38000,base
0xb91e2c26a2c54d43ba804c525dd877af4bc9c406,0xbaed383ede0e5d9d72430661f3285daa77e9439f,0xb91e2c26a2c54d43ba804c525dd877af4bc9c406,0xdcb8a207a1c05d777e7ba74f7697c190f971a3d94f19b6420233a5992eb79cdc,0xa94747,1708977009,external,0x,in,ETH,1.20981,0x10ca1bc8ffb72000,base
0xb91e2c26a2c54d43ba804c525dd877af4bc9c406,0x404e927b203375779a6abd52a2049ce0adf6609b,0xb91e2c26a2c54d43ba804c525dd877af4bc9c406,0xb2bb52f1e8edf127ed70c98625b5a4fbb6b04d01b4b4bfb90d9b7bb397f0854d,0xa94868,1708977587,erc20,0x09c182c3,in,BRETT,28536284.786594726,0x179acb19177b5229456788,base
0x13c1861d97bdb852891516cad4ec806d0e6e321b,0x13c1861d97bdb852891516cad4ec806d0e6e321b,0x0b80367b3d05901678e0d8b9ed2427e4e7443136,0x862712ae59ab10d62e285fd99d583a27939e9e60bfd4715e47a3f966351634ca,0xa93305,1708966637,erc20,0xa9059cbb,out,BRETT,6531607.0,0x5671f1ffd72f871fc0000,base
0x13c1861d97bdb852891516cad4ec806d0e6e321b,0x13c1861d97bdb852891516cad4ec806d0e6e321b,0x75a20a9eac89d998ee3269a01cdedbc129969ea1,0x370ee5e3c049a03bafa20bded352d5c497231f9b1d4f813391643a7e068f9af0,0xa93778,1708968915,erc20,0xa9059cbb,out,BRETT,2000000.0,0x1a784379d99db42000000,base
0xadff418cf08a121bc5cf15bdab2801d8416d5dcc,0xadff418cf08a121bc5cf15bdab2801d8416d5dcc,0x404e927b203375779a6abd52a2049ce0adf6609b,0xf031879a4d536ad87b61e65ceec75d23c4a3a7e71dbeaa6a65f9bd315b5ff0e4,0xa93455,1708967309,erc20,0x8af033fb,out,BRETT,19682782.842071865,0x1047fdcbbfe37545a760d0,base
0xadff418cf08a121bc5cf15bdab2801d8416d5dcc,0xadff418cf08a121bc5cf15bdab2801d8416d5dcc,0xd64c0e45281f3fda8c158e86fb4d448f005df216,0xcdc7013afdce453bd9ea346bb3b725cf7adbce2f2ffd96c1927e61989cd71a37,0xa934be,1708967519,external,0x,out,ETH,0.9074,0xc97bb7e0d308000,base
0x2eee37b11e6a3ff286f04d77bca519459500ea5f,0x2eee37b11e6a3ff286f04d77bca519459500ea5f,0x404e927b203375779a6abd52a2049ce0adf6609b,0xc8e2a40bf08e21790e16f00936287b8dccd47f46543e3a20ffceafb07d8dedd6,0xa948c0,1708977763,erc20,0x8af033fb,out,BRETT,11606073.432220591,0x999ae805fd02c31a311eb,base
0x201f948e98513abe8dc70047ba98a050fe67e9fb,0x30e95848de40e92d03f695e6a3d8631157e5a13d,0x201f948e98513abe8dc70047ba98a050fe67e9fb,0xb8ccec24a32f1c1fcf223cb8964363e969caff5e57275059f5f3d0b4be3f8e4a,0x79bf6e,1702747071,external,0x,in,ETH,0.015,0x354a6ba7a18000,base
0x201f948e98513abe8dc70047ba98a050fe67e9fb,0x201f948e98513abe8dc70047ba98a050fe67e9fb,0xec8b0f7ffe3ae75d7ffab09429e3675bb63503e4,0x4c23590ab57a074735df90fd73c89e43d443827117d118407bcbcbe2d5678d52,0x79c084,1702747627,external,0x3593564c,out,ETH,0.2,0x2c68af0bb140000,base
0x201f948e98513abe8dc70047ba98a050fe67e9fb,0x201f948e98513abe8dc70047ba98a050fe67e9fb,0xec8b0f7ffe3ae75d7ffab09429e3675bb63503e4,0x4a574e49d857989bfa244007128316ea3e9f7345440067662a3d36205a9e2b3d,0x79c0b0,1702747715,external,0x3593564c,out,ETH,0.1,0x16345785d8a0000,base
0x201f948e98513abe8dc70047ba98a050fe67e9fb,0x201f948e98513abe8dc70047ba98a050fe67e9fb,0xec8b0f7ffe3ae75d7ffab09429e3675bb63503e4,0xa8b3e12830a0a34b8b1bb0c9083a2df44441d1ae3bf2a843d698bd05eb3f1a5d,0x79c116,1702747919,external,0x3593564c,out,ETH,0.13,0x1cdda4faccd0000,base
0x201f948e98513abe8dc70047ba98a050fe67e9fb,0x201f948e98513abe8dc70047ba98a050fe67e9fb,0x327df1e6de05895d2ab08513aadd9313fe505d86,0xdaa7369a34e3b9bd01c549fab859c77628de6e6cf0897056fea8218df560365e,0x7dcbc5,1703277677,external,0x7ff36ab5,out,ETH,0.025,0x58d15e17628000,base
0x201f948e98513abe8dc70047ba98a050fe67e9fb,0x201f948e98513abe8dc70047ba98a050fe67e9fb,0x80779f7db50c4d3ec9d4aebfffc53f7605b4ea2d,0x3e3a917dc4e6e3da95154d61bb03cf7815f9ca9ed231dbb312a5b5d9bed33822,0x8a7eba,1704942167,external,0x,out,ETH,0.012,0x2aa1efb94e0000,base
0x51f921fe904d11b816c64e08a24a7f7437456dd7,0x51f921fe904d11b816c64e08a24a7f7437456dd7,0x51f921fe904d11b816c64e08a24a7f7437456dd7,0x39bad7ff002df5670f62378ccc1779a0d23601229421e859e1b14a2332c72dc7,0x943967,1706217393,external,0x01,out,ETH,1.449009,0x141bea0221581000,base
0x51f921fe904d11b816c64e08a24a7f7437456dd7,0x51f921fe904d11b816c64e08a24a7f7437456dd7,0x9b702f1958747a950cf9471edb450cff3062a4eb,0xc53b642f6af1c1c0db25ad348cc4de4d379a2075e3c6807aad23f1caefe01671,0x94399b,1706217497,external,0x,out,ETH,0.21,0x2ea11e32ad50000,base
0x51f921fe904d11b816c64e08a24a7f7437456dd7,0x51f921fe904d11b816c64e08a24a7f7437456dd7,0x9b702f1958747a950cf9471edb450cff3062a4eb,0xebf0836ac03b52b6a94a1bb46a41f1a833f44103657cba2ce6ef273bf66e6346,0x9439cc,1706217595,external,0x,out,ETH,1.23,0x1111d67bb1bb0000,base
0x51f921fe904d11b816c64e08a24a7f7437456dd7,0x51f921fe904d11b816c64e08a24a7f7437456dd7,0x51f921fe904d11b816c64e08a24a7f7437456dd7,0xc69bfb01adee4bfc6fa07cc20a6d6dfe05cf8a065289d9b035b0da1a746f88e5,0x95f788,1706445811,external,0x01,out,ETH,1.3,0x120a871cc0020000,base
0x51f921fe904d11b816c64e08a24a7f7437456dd7,0x51f921fe904d11b816c64e08a24a7f7437456dd7,0x9b702f1958747a950cf9471edb450cff3062a4eb,0x4ad6321ca090f8da0b2065214f7edfb9e7d500cc3bf157fee391fa2d82c3ac06,0x95f7b2,1706445895,external,0x,out,ETH,1.3,0x120a871cc0020000,base
0x51f921fe904d11b816c64e08a24a7f7437456dd7,0x51f921fe904d11b816c64e08a24a7f7437456dd7,0x51f921fe904d11b816c64e08a24a7f7437456dd7,0xdf4991fcc2dd85103dc103f1e756b06803599c9b0ae7156ee56ba5ca5b92b56b,0x974a20,1706619171,external,0x01,out,ETH,1.0,0xde0b6b3a7640000,base
0x84601ad1eb0ce142b44e5a0e3adcd79351e41dde,0x84601ad1eb0ce142b44e5a0e3adcd79351e41dde,0x404e927b203375779a6abd52a2049ce0adf6609b,0x09d507c42f3abf8997d7ab17055bde1afbd66f8c4537705363a8f1b5bef5b789,0xa8f982,1708937191,erc20,0x8af033fb,out,BRETT,25000000.0,0x14adf4b7320334b9000000,base
0x84601ad1eb0ce142b44e5a0e3adcd79351e41dde,0x84601ad1eb0ce142b44e5a0e3adcd79351e41dde,0x404e927b203375779a6abd52a2049ce0adf6609b,0x1b0ad6a6392a3ce149c8633ad58f6aed5eb019f5633b8ca54ab031f89957018d,0xa8f9c8,1708937331,erc20,0x8af033fb,out,BRETT,25000000.0,0x14adf4b7320334b9000000,base
0x84601ad1eb0ce142b44e5a0e3adcd79351e41dde,0x84601ad1eb0ce142b44e5a0e3adcd79351e41dde,0xb163cc3e220c4eb54369e1df1a93a7e6608a0406,0x65e1e0995c652f3ecee2cb8eafd6fdc3e778c95caea0aeccbbef94c299139b8d,0xa8fa3c,1708937563,external,0x,out,ETH,1.7354,0x1815611aff368000,base
0x84601ad1eb0ce142b44e5a0e3adcd79351e41dde,0x84601ad1eb0ce142b44e5a0e3adcd79351e41dde,0x404e927b203375779a6abd52a2049ce0adf6609b,0xb6924fed74f0481b5d4d4b6baa0375dddb2a69ddc8b3c013c05a1760a3b5942e,0xa8fd1a,1708939031,erc20,0x8af033fb,out,BRETT,25000000.0,0x14adf4b7320334b9000000,base
